Date,pce,pcepricepressures,ppitottradeindu,cpiallitemcityexfoodenergy,cpiallitemcity,incomerealpersonal,ppiallcomm,cpiexfoodenergy,pceexfoodenergy,ppipulp,pricenationalhome20,pricenationalhome,cpiallitem,monbase,monm3,ratebaa,rateaaa,ratetb3m,ratenonfincp,retailexfood,ppitotretail,invneworder,invmanudgorder,invmanusales,invmanuinvtosales,invmanu,invtotalinvtosales,houspermits,housstartsMW,housstartsW,housstartsS,housstartsNE,empchicago_activity,empunleavers,empun20plus,empun20s,empunflows,empunconst,emptotsvcs,emptemphelp,empunemp,empunwks_27plus,empunwks_average,empunwks_median,empunlevel,empunrate,empcons,empgov,emptp,empft,manu,iput,ipmin,ipnm,ipdm,ipman,ipngm,ipdgm,ipm,ipbe,ipncs,ipdcg,ipcg,ippt,ipti
2007-01-01,9516.3,0.07169684,102.2,113.755,117.33,13033.906,164.0,208.6,91.584,153.4,203.74411624678902,182.723,203.437,843.4989999999999,7095500000000.0,6.34,5.4,4.98,5.17,0.1,102.3,64015.0,221030.0,-6.3,1.35,522842,1.31,1626.0,191.0,328.0,712.0,178.0,-0.03,11.2,4.1,8.1,1917,8.9,115038,2652.7,4.9,1141,16.3,8.3,7116,4.6,7725,22095,115382,15447.6,78.6184,99.4937,85.4419,112.4389,98.9264,107.0457,109.6122,93.5439,94.4205,92.984,112.3049,114.5052,112.9846,105.4533,101.1293
2007-02-01,9546.8,0.08296487,102.4,114.27600000000001,117.87700000000001,13096.338,166.8,209.135,91.787,156.7,204.071634805019,182.475,204.226,847.26,7111300000000.0,6.28,5.39,5.03,5.18,0.2,101.9,63882.0,223217.0,2.2,1.34,530201,1.3,1598.0,163.0,384.0,796.0,137.0,-0.17,12.2,4.0,7.6,1833,10.5,115224,2642.9,4.8,1249,16.7,8.5,6927,4.5,7626,22131,115427,15479.3,78.7274,105.6755,86.3198,112.4106,99.7083,107.4548,111.0717,95.9795,95.8639,95.4681,112.5284,122.5788,114.9734,107.4783,102.6892
2007-03-01,9585.1,0.34459469,102.7,114.62299999999999,118.913,13147.948999999999,169.3,209.418,91.868,157.3,203.93254041787398,182.196,205.28799999999998,848.177,7145100000000.0,6.27,5.3,4.94,5.2,0.8,102.5,66935.0,229902.0,14.6,1.16,528094,1.28,1596.0,234.0,378.0,752.0,131.0,0.22,11.5,3.9,7.7,1701,9.0,115402,2646.7,4.6,1245,17.8,9.1,6731,4.4,7706,22149,115644,15547.7,79.2421,100.759,86.32,112.722,101.2156,108.3845,113.4398,100.7961,97.2706,98.6828,110.0009,126.1709,113.8191,107.5884,103.8859
2007-04-01,9615.7,0.35595926,103.1,114.831,119.666,13151.498,171.4,209.747,91.973,158.8,202.883274587365,182.134,205.90400000000002,848.954,7217400000000.0,6.39,5.47,4.87,5.2,-0.3,103.5,66049.0,231627.0,-5.2,1.24,535900,1.28,1470.0,206.0,386.0,732.0,166.0,-0.43,10.8,3.9,7.8,1763,8.6,115492,2629.6,4.7,1206,16.9,8.6,6850,4.5,7686,22175,115667,15513.2,79.5615,102.3786,86.5188,112.8986,102.3839,109.1097,114.7773,99.0309,96.3714,98.5802,107.3233,124.036,111.2587,106.0274,102.8756
2007-05-01,9651.3,0.10634512,104.6,114.77600000000001,120.292,13144.673,173.3,210.058,92.069,160.9,201.037640060604,181.888,206.755,849.602,7231000000000.0,6.39,5.47,4.73,5.19,1.4,105.7,64811.0,228551.0,6.7,1.18,541981,1.28,1493.0,243.0,326.0,688.0,158.0,0.05,11.0,3.9,7.2,1712,6.9,115670,2611.4,4.7,1132,16.6,8.2,6766,4.4,7673,22193,115800,15534.5,79.2863,102.5801,87.1833,112.6408,102.4769,109.0226,114.7749,99.8875,97.5014,99.5792,108.098,124.2393,111.9046,106.86,103.9157
2007-06-01,9667.3,0.06425448,104.4,114.785,120.439,13127.988000000001,173.8,210.392,92.219,161.1,198.84862788936695,181.545,207.234,851.155,7264200000000.0,6.7,5.79,4.61,5.23,-0.9,106.6,64999.0,229061.0,2.0,1.15,538683,1.28,1407.0,232.0,349.0,708.0,159.0,-0.08,11.9,4.0,8.0,1774,5.9,115746,2604.3,4.8,1143,16.5,7.7,6979,4.6,7687,22207,115862,15513.9,79.3576,100.7012,86.7229,112.7364,103.1178,109.3919,116.232,103.8982,100.2676,101.3981,111.9045,128.3729,115.7894,110.1762,107.0333
2007-07-01,9709.6,0.05492773,104.4,114.887,120.37700000000001,13134.159,175.1,210.773,92.368,163.2,196.845998637551,181.0,207.60299999999998,851.852,7294500000000.0,6.65,5.73,4.82,5.22,0.4,106.3,65147.0,234576.0,-9.8,1.29,545314,1.29,1361.0,237.0,331.0,638.0,148.0,-0.3,11.5,4.2,8.3,1843,5.9,115761,2593.1,4.9,1291,17.2,8.7,7149,4.7,7660,22171,115867,15515.0,79.2481,99.5929,86.6836,113.0266,103.1502,109.4914,115.5461,96.1684,97.4298,95.7163,112.2656,108.4458,111.5643,105.9056,103.7309
2007-08-01,9753.9,0.01099806,104.4,115.163,120.288,13137.613000000001,172.4,211.11900000000003,92.50299999999999,163.7,194.891155267066,180.242,207.667,853.398,7370900000000.0,6.65,5.79,4.2,5.25,0.5,104.7,66192.0,234833.0,10.6,1.17,546612,1.28,1321.0,239.0,298.0,695.0,98.0,-0.37,11.3,4.1,8.4,1714,5.3,115850,2586.7,4.9,1246,17.0,8.8,7067,4.6,7610,22226,115789,15517.1,78.8546,104.3166,86.7103,112.1669,103.3518,109.2009,115.277,102.1093,100.5205,99.9906,114.759,123.8588,116.9786,110.7659,107.201
2007-09-01,9797.9,0.00161467,103.8,115.46700000000001,120.63799999999999,13165.169,173.5,211.554,92.742,163.8,193.126617654991,179.12900000000005,208.547,851.454,7389200000000.0,6.59,5.74,3.89,4.92,0.4,104.8,65178.0,226029.0,-2.7,1.2,548883,1.28,1261.0,174.0,273.0,592.0,144.0,-0.13,11.5,4.1,9.0,1795,5.8,116002,2557.0,4.9,1264,16.3,8.7,7170,4.7,7577,22279,115816,15523.3,79.0695,104.3833,86.8485,112.7607,103.849,109.7146,116.0423,104.7568,100.1574,101.7931,111.7489,122.6134,114.3607,109.6871,106.7223
2007-10-01,9827.0,0.06367707,105.1,115.81299999999999,120.885,13139.628999999999,174.7,212.077,92.963,165.4,190.98169280972698,177.53799999999995,209.19,856.4110000000001,7402800000000.0,6.48,5.66,3.9,4.63,0.6,105.9,65144.0,229287.0,3.3,1.18,554393,1.27,1192.0,203.0,277.0,625.0,159.0,-0.25,10.8,4.2,8.6,1818,6.1,116118,2568.0,4.9,1298,17.0,8.4,7237,4.7,7565,22297,115877,15518.4,78.6689,103.1117,86.5668,111.9336,103.9041,109.3471,114.8144,103.0091,98.587,101.3478,108.8828,123.3659,112.3029,108.1876,104.9733
2007-11-01,9897.8,0.24423922,104.3,115.802,121.48100000000001,13127.498,179.0,212.66,93.134,166.0,187.906283830493,175.17,210.834,857.433,7427800000000.0,6.4,5.44,3.27,4.42,1.1,105.6,65239.0,231388.0,-3.5,1.23,556538,1.26,1224.0,213.0,256.0,598.0,130.0,-0.07,10.6,4.2,8.3,1725,6.2,116269,2553.5,4.9,1374,17.3,8.6,7240,4.7,7523,22334,115950,15578.9,79.0171,103.1766,87.5963,112.0572,104.9756,109.9511,114.4476,102.3562,98.5899,101.5293,107.9683,119.5409,110.7326,107.4399,104.4973
2007-12-01,9908.4,0.43967291,103.9,115.62700000000001,121.295,13177.454,178.6,213.168,93.319,167.3,185.10177713539397,173.345,211.445,847.37,7458000000000.0,6.65,5.49,3.0,4.23,-1.4,104.5,68163.0,242350.0,-1.9,1.23,547047,1.28,1149.0,139.0,221.0,571.0,106.0,-0.3,10.2,4.4,9.4,1866,9.4,116416,2541.9,5.2,1324,16.6,8.4,7645,5.0,7490,22376,116016,15577.4,79.022,101.1919,88.2566,112.0485,105.251,110.079,112.8335,101.1262,98.8067,100.7134,109.9907,112.7913,110.7918,107.3351,104.5292
2008-01-01,9930.0,0.4316673,105.2,116.008,121.867,13188.347,181.0,213.771,93.51899999999999,172.1,182.142335910309,171.083,212.174,851.3689999999999,7491800000000.0,6.54,5.33,2.75,3.25,0.4,105.7,68229.0,239668.0,-3.0,1.31,565316,1.27,1094.0,160.0,243.0,551.0,130.0,-0.16,10.9,4.4,8.9,1780,11.0,116456,2548.8,5.3,1388,17.5,9.0,7685,5.0,7476,22388,116015,15568.5,78.6449,102.4453,87.8222,111.0493,105.2952,109.6443,111.9247,98.7667,98.219,100.2654,110.703,113.3443,111.4692,107.5129,103.7722
2008-02-01,9913.4,0.41526721,105.1,116.426,122.25,13195.34,182.7,213.93900000000002,93.62100000000001,171.6,178.55316579067403,169.196,212.687,857.1039999999999,7576500000000.0,6.82,5.53,2.12,2.72,-0.8,105.1,66452.0,234718.0,2.5,1.29,571742,1.28,1014.0,152.0,245.0,580.0,126.0,-0.34,10.6,4.3,9.0,1817,11.4,116427,2505.9,5.1,1329,16.9,8.7,7497,4.9,7453,22417,115907,15527.5,78.0854,103.8826,87.9508,110.0052,104.856,108.9471,111.0821,100.0735,98.2572,101.4786,108.8319,118.3478,111.1312,107.59,103.6503
2008-03-01,9959.4,0.4394786,105.2,116.92,123.323,13202.006000000001,187.9,214.42,93.829,170.6,175.09165948024201,167.908,213.44799999999998,860.66,7642500000000.0,6.89,5.51,1.26,2.35,0.2,105.2,66337.0,232240.0,7.1,1.21,572186,1.28,967.0,136.0,228.0,526.0,115.0,-0.37,10.3,4.6,9.4,2005,12.0,116455,2485.8,5.3,1323,16.5,8.7,7822,5.1,7406,22443,115832,15534.5,77.8538,103.0502,88.4015,109.3938,104.8094,108.6071,111.5219,103.6298,99.2256,102.6316,106.7063,115.4125,108.821,106.4735,104.0311
2008-04-01,9996.8,0.28125992,106.6,117.031,124.116,13160.788,190.9,214.56,93.912,171.2,172.446835007472,167.327,213.942,855.6510000000001,7685200000000.0,6.97,5.55,1.29,1.99,-0.1,107.4,69555.0,230662.0,0.2,1.21,574640,1.27,1008.0,168.0,242.0,510.0,93.0,-0.52,11.1,4.4,8.7,1915,11.1,116354,2463.2,5.2,1372,16.9,9.4,7637,5.0,7327,22450,115585,15433.6,76.9984,103.1106,88.8212,108.5543,103.3578,107.39,111.3824,101.0982,97.8081,101.5242,104.4441,114.4191,106.8376,104.9512,102.5509
2008-05-01,10053.8,0.46312973,107.0,117.09299999999999,125.171,13704.098,196.6,214.93599999999998,94.103,171.2,169.565872053456,167.025,215.208,860.678,7697100000000.0,6.93,5.57,1.73,2.0,0.9,106.6,68572.0,230680.0,3.1,1.18,577399,1.26,995.0,137.0,215.0,496.0,125.0,-0.56,10.3,4.8,10.2,2054,8.6,116259,2428.0,5.7,1561,16.6,7.9,8395,5.4,7274,22483,115375,15379.2,76.6499,101.8661,88.6455,108.1126,102.7837,106.8004,110.3757,100.1061,97.4786,101.722,104.449,110.8911,106.0555,104.5015,102.26
2008-06-01,10107.9,0.34364758,108.5,117.242,126.307,13359.533000000001,200.5,215.424,94.29899999999999,171.8,167.179395001247,166.544,217.463,863.888,7714600000000.0,7.07,5.68,1.86,2.21,0.1,107.9,67759.0,228442.0,4.0,1.13,576415,1.25,1180.0,133.0,205.0,472.0,236.0,-0.6,10.0,4.9,10.0,1996,8.2,116204,2403.1,5.8,1576,17.1,9.0,8575,5.6,7213,22517,115170,15342.8,76.1762,103.3527,89.2935,106.8543,102.4994,106.0871,110.0596,103.8662,100.0011,103.3183,108.0348,114.2568,109.5979,107.3457,105.0048
2008-07-01,10104.7,0.6524153,109.1,117.53200000000001,126.91799999999999,13138.288,205.5,215.965,94.43,174.0,164.401702235922,165.722,219.016,871.637,7761000000000.0,7.16,5.67,1.63,2.18,-0.5,109.1,67754.0,220810.0,-6.5,1.22,583555,1.26,921.0,151.0,179.0,432.0,161.0,-0.65,9.9,5.1,10.2,1967,8.0,116131,2369.5,6.1,1664,17.0,9.7,8937,5.8,7160,22568,114923,15307.4,75.3169,101.9588,91.552,106.2007,100.7807,104.8483,107.4623,95.5195,97.517,96.6348,108.8216,98.8237,106.7752,103.5578,102.1366
2008-08-01,10094.7,0.62615139,110.1,117.82600000000001,126.594,13054.138,199.0,216.393,94.54299999999999,174.8,162.114128984821,164.28799999999995,218.69,872.297,7776000000000.0,7.15,5.64,1.72,2.08,-0.8,109.2,66479.0,216342.0,1.2,1.21,585642,1.29,858.0,126.0,185.0,397.0,136.0,-0.68,10.8,5.5,10.7,2288,8.2,115963,2338.8,6.3,1866,17.7,9.7,9438,6.1,7114,22567,114646,15249.0,74.4409,98.2522,90.1448,105.1591,99.3033,103.5592,106.893,99.0845,97.7749,97.7679,110.2142,104.4213,109.1071,105.4685,102.9055
2008-09-01,10043.5,0.47294003,110.2,118.06299999999999,126.551,13067.915,196.9,216.713,94.66799999999999,174.8,159.116317040441,161.921,218.877,936.4910000000001,7845900000000.0,7.31,5.65,1.13,2.13,-1.7,109.5,63556.0,211692.0,-2.2,1.22,573742,1.31,797.0,140.0,168.0,398.0,114.0,-0.96,10.3,5.5,11.0,2140,9.9,115652,2305.9,6.4,2027,18.6,10.2,9494,6.1,7044,22537,114216,15178.6,71.8392,100.1978,80.0449,101.408,95.7217,99.9841,98.277,99.4763,91.129,90.3101,106.1683,103.9223,105.848,101.2269,97.7563
2008-10-01,9960.3,0.52057635,110.8,118.204,125.5,13131.123,186.4,216.78799999999998,94.59299999999999,173.3,156.298205956588,159.16899999999995,216.995,1142.1860000000001,7954000000000.0,8.88,6.28,0.67,2.07,-4.1,109.4,59439.0,192688.0,-4.5,1.26,569710,1.36,736.0,124.0,162.0,414.0,77.0,-0.96,9.2,5.9,10.8,2259,10.8,115377,2231.2,6.8,2280,19.9,10.4,10074,6.5,6967,22549,113723,15100.8,71.5226,100.8976,86.9534,103.5469,93.0863,99.3466,102.1477,94.4929,92.2031,87.6754,105.5693,102.3626,105.0306,99.963,97.3303
2008-11-01,9820.8,0.12853003,110.7,117.986,123.044,13211.827,176.8,216.947,94.6,166.7,153.660114932743,156.077,213.153,1480.773,8004600000000.0,9.21,6.12,0.19,1.45,-4.3,109.6,60513.0,182787.0,-14.9,1.46,560353,1.44,626.0,107.0,135.0,351.0,59.0,-1.39,8.7,6.2,11.2,2506,12.7,114922,2127.1,7.2,2219,18.9,9.8,10538,6.8,6813,22560,112985,14989.4,69.8857,102.2771,88.945,101.5207,90.4851,96.9789,97.0742,88.3851,90.0924,88.4059,105.2955,95.0445,103.1628,98.922,95.2745
2008-12-01,9730.7,5.819e-05,111.5,117.62299999999999,121.557,13121.721000000001,170.9,216.925,94.58,164.4,150.729484592279,152.55100000000004,211.398,1669.269,8181000000000.0,8.43,5.05,0.03,0.97,-2.4,109.5,55732.0,172687.0,-1.5,1.4,529148,1.47,554.0,79.0,135.0,283.0,63.0,-1.54,8.8,6.7,12.3,2519,15.3,114517,2050.5,7.7,2610,19.9,10.5,11286,7.3,6701,22556,112283,14876.9,67.5005,101.846,87.1698,97.8597,87.3444,93.6241,90.1131,82.5684,87.1661,88.3342,106.678,88.4834,102.7431,98.5163,93.1596
2009-01-01,9783.8,6.037e-05,110.0,117.954,122.095,12971.02,171.2,217.34599999999998,94.57799999999999,157.9,147.718260068978,149.369,211.933,1730.1689999999999,8262400000000.0,8.14,5.05,0.13,0.31,1.6,107.7,49523.0,155015.0,-10.7,1.59,536116,1.48,545.0,59.0,141.0,254.0,36.0,-1.81,7.5,7.2,12.5,2755,18.2,114166,1967.0,8.2,2699,19.8,10.7,12058,7.8,6567,22579,111476,14794.5,65.511,101.7223,86.5903,97.7258,82.3837,90.7731,91.3245,76.3798,85.55,81.7838,107.4705,79.7485,101.3651,95.5138,90.552
2009-02-01,9766.0,0.01076717,110.7,118.348,122.598,12813.805,169.3,217.792,94.679,154.4,145.616136214985,147.625,212.705,1590.1660000000002,8291600000000.0,8.08,5.27,0.3,0.48,-0.3,107.6,50247.0,146293.0,1.1,1.56,532835,1.45,558.0,95.0,113.0,311.0,63.0,-1.47,6.5,7.7,13.2,2834,21.4,113737,1898.3,8.8,2999,20.2,11.7,12898,8.3,6446,22576,110736,14719.4,65.571,98.8205,85.3831,98.1439,81.9744,90.6399,93.2705,76.7444,85.1941,82.309,104.6444,84.6139,100.2822,94.6605,89.7932
2009-03-01,9718.5,0.00403739,111.6,118.807,122.803,12778.19,168.1,218.253,94.77600000000001,152.7,142.696664785547,146.52200000000005,212.495,1668.491,8357600000000.0,8.42,5.5,0.21,0.37,-1.8,108.6,48959.0,144866.0,9.9,1.4,522704,1.47,513.0,96.0,79.0,264.0,66.0,-1.62,6.6,8.1,14.0,2647,21.1,113285,1835.8,9.1,3260,20.9,12.3,13426,8.7,6291,22560,109952,14650.7,64.5006,100.1259,83.4544,97.0317,80.02,88.9612,92.1652,76.582,83.8362,81.6589,103.2131,86.0826,99.507,93.6399,88.8336
2009-04-01,9724.8,0.00014632,111.7,119.04,123.053,12837.219,169.1,218.706,95.00299999999999,148.6,141.564504409201,146.95,212.709,1787.713,8360700000000.001,8.39,5.39,0.16,0.28,0.4,108.1,47043.0,145613.0,-5.3,1.46,519216,1.46,521.0,86.0,112.0,230.0,50.0,-1.38,6.3,8.4,14.4,2484,18.7,112923,1778.1,9.4,3752,21.7,13.1,13853,9.0,6154,22677,109140,14563.1,64.1729,99.6708,82.1243,96.8572,79.1349,88.3483,93.3164,73.4389,81.8588,78.8518,98.9321,84.3599,95.8,90.2237,86.373
2009-05-01,9748.9,0.00235506,110.9,119.023,123.427,13027.964,170.8,218.90400000000002,95.09700000000001,144.2,140.846233394287,148.17700000000005,213.02200000000002,1799.2279999999998,8418200000000.001,8.06,5.54,0.18,0.23,1.0,107.6,48777.0,150082.0,1.1,1.44,517150,1.43,556.0,79.0,132.0,273.0,56.0,-0.88,6.2,8.7,15.0,2649,19.2,112820,1773.7,9.9,3973,22.4,14.2,14499,9.4,6100,22617,108858,14558.3,63.585,98.301,81.8477,97.0107,77.3517,87.4186,94.6764,73.0573,82.2783,77.882,99.698,81.1271,95.6424,89.9131,86.5837
2009-06-01,9806.9,0.00555078,111.8,119.115,124.485,12825.058,174.1,219.112,95.214,142.0,141.293655309199,149.80200000000005,214.79,1704.0120000000002,8427799999999.999,7.5,5.61,0.18,0.26,1.9,108.6,50508.0,146586.0,7.4,1.31,505822,1.38,601.0,104.0,124.0,277.0,80.0,-0.84,5.6,8.8,15.1,2550,17.4,112586,1753.8,10.0,4349,23.9,17.2,14707,9.5,6010,22576,108432,14541.0,63.4662,97.4638,81.6057,97.2297,76.6574,87.1335,96.4241,74.4475,84.4329,78.6992,102.9063,82.0274,98.3204,91.8845,88.835
2009-07-01,9841.7,0.00670835,112.2,119.169,124.29299999999999,12774.081,172.5,219.263,95.291,142.5,142.252305574215,150.749,214.726,1693.7479999999998,8432500000000.0,7.09,5.41,0.18,0.28,0.2,108.6,51053.0,155213.0,-7.0,1.42,507485,1.36,595.0,110.0,126.0,297.0,61.0,-0.6,6.1,8.8,15.1,2463,18.2,112390,1762.3,9.9,4917,25.1,16.0,14601,9.5,5932,22521,108147,14488.9,64.5819,96.1412,82.4248,97.0013,79.3327,88.4208,95.7478,72.1924,83.8899,76.6474,102.8013,80.2105,97.8144,91.0253,88.1548
2009-08-01,9961.0,3.934e-05,111.4,119.4,124.62,12743.854,175.0,219.49599999999998,95.43,144.9,143.474993651558,150.665,215.445,1728.132,8432200000000.001,6.58,5.26,0.17,0.24,2.1,107.8,50126.0,158266.0,5.3,1.34,505628,1.32,616.0,104.0,127.0,286.0,69.0,-0.53,5.7,8.9,15.2,2560,16.5,112334,1758.7,10.0,5037,25.3,16.3,14814,9.6,5855,22537,107948,14480.5,65.4557,97.1817,83.3553,97.9443,80.4696,89.424,97.7268,77.0537,86.8191,79.7978,105.8827,89.8824,102.4227,94.9822,91.2496
2009-09-01,9883.4,9.647e-05,111.4,119.694,124.706,12763.787,174.1,219.92,95.605,148.9,144.07337245294,149.625,215.861,1819.75,8431500000000.0,6.31,5.13,0.12,0.19,-2.6,108.6,52991.0,157059.0,3.2,1.28,498223,1.32,609.0,105.0,117.0,297.0,66.0,-0.48,5.8,9.1,15.3,2621,17.1,112201,1778.3,10.2,5494,26.6,17.8,15009,9.8,5787,22451,107793,14450.2,66.1389,98.2802,83.1392,97.8575,81.9645,90.1996,97.301,79.9938,86.5826,79.6548,102.3747,92.6799,100.3577,93.6638,90.4921
2009-10-01,9931.9,0.00015699,111.2,119.96,124.791,12709.966,175.2,220.50099999999998,95.961,151.5,144.797126110753,148.585,216.50900000000001,1975.372,8458299999999.999,6.29,5.15,0.07,0.19,1.0,107.7,52061.0,163669.0,-0.1,1.3,504508,1.31,583.0,103.0,111.0,266.0,54.0,-0.56,5.9,9.3,15.8,2516,18.7,112130,1811.2,10.5,5643,27.5,18.9,15352,10.0,5716,22524,107521,14381.6,66.3425,100.4604,82.7501,98.193,81.9475,90.3658,97.812,79.7302,85.7102,80.9329,101.7466,93.2203,99.9933,93.8017,89.9791
2009-11-01,9940.5,0.0025182,111.6,119.677,124.788,12743.645,177.4,220.666,96.04299999999999,156.6,145.47453584645,147.94299999999996,217.234,2044.694,8488400000000.0,6.32,5.19,0.05,0.15,0.8,109.3,52778.0,160032.0,-4.3,1.36,504800,1.3,623.0,104.0,116.0,301.0,67.0,-0.07,6.1,9.2,16.0,2294,19.4,112188,1868.2,10.4,5908,28.9,19.8,15219,9.9,5696,22533,107524,14379.4,67.1284,97.4519,82.6227,98.9347,83.0104,91.2479,99.178,79.2934,85.7571,80.7437,100.8956,91.5449,98.9468,93.1836,89.6629
2009-12-01,9998.9,0.13034286,111.8,119.45100000000001,124.544,12808.646,178.1,220.88099999999997,96.10799999999999,158.6,146.24863895572,146.672,217.347,2017.35,8483400000000.0,6.37,5.26,0.05,0.16,0.6,109.3,54427.0,159766.0,3.7,1.27,491126,1.28,664.0,97.0,108.0,313.0,63.0,-0.44,6.1,9.2,15.5,2373,22.7,111996,1905.5,10.4,6122,29.7,20.1,15098,9.9,5654,22482,107306,14334.8,67.1104,102.7345,81.7665,98.2026,83.3061,91.0891,96.2127,79.0554,86.5814,80.7459,103.8991,85.9085,99.9696,93.9519,90.4641
2010-01-01,10001.8,0.11840747,112.6,119.478,124.98700000000001,12860.097,181.9,220.63299999999998,96.228,161.7,146.934020078935,145.003,217.488,2010.154,8445700000000.001,6.25,5.26,0.06,0.13,0.0,108.7,52365.0,182084.0,-7.0,1.4,503022,1.27,636.0,94.0,126.0,325.0,69.0,0.0,6.0,9.1,15.9,2228,24.7,112083,1954.6,10.4,6319,30.3,20.0,15046,9.8,5580,22491,107299,14401.0,68.0522,103.2354,83.4813,98.7584,84.8791,92.0942,97.5497,79.8949,87.8523,81.0137,105.5748,89.1708,102.0085,95.4521,91.387
2010-02-01,10030.6,0.23820213,113.2,119.705,124.97200000000001,12852.303,181.0,220.731,96.29799999999999,166.9,146.917721875114,143.056,217.28099999999998,2151.018,8495299999999.999,6.34,5.35,0.11,0.15,0.0,110.3,53386.0,177621.0,1.0,1.41,512235,1.28,650.0,109.0,139.0,286.0,70.0,-0.37,5.8,9.2,15.8,2341,27.1,112071,1965.5,10.5,6129,29.8,19.9,15113,9.8,5500,22476,107222,14397.1,68.1872,104.7664,84.9676,98.7139,84.9734,92.0494,98.976,81.3153,89.0338,81.5819,102.2793,92.9463,100.3194,94.5915,91.4674
2010-03-01,10089.1,0.03325755,113.2,119.90799999999999,125.44200000000001,12892.933,183.3,220.783,96.42200000000001,170.0,146.200752727837,143.597,217.35299999999998,2106.633,8492400000000.0,6.27,5.27,0.15,0.2,2.5,109.6,56130.0,179916.0,17.0,1.21,512074,1.26,687.0,96.0,133.0,342.0,65.0,0.09,5.9,9.2,15.8,2310,24.9,112207,1993.0,10.4,6545,31.6,20.4,15202,9.9,5537,22518,107361,14446.7,69.1653,101.2295,85.8503,99.3204,86.5642,93.1387,99.846,86.3287,90.0103,84.1362,101.1367,96.3834,100.2155,95.4258,92.6343
2010-04-01,10112.9,0.29805773,113.7,119.956,125.62,12998.264,184.4,220.822,96.456,175.4,147.06672610313402,145.4,217.403,2044.379,8522799999999.999,6.25,5.29,0.16,0.23,0.7,111.3,52604.0,186063.0,-3.6,1.27,517995,1.25,637.0,118.0,108.0,379.0,82.0,0.35,6.1,9.3,17.2,2274,21.8,112381,2021.7,10.6,6800,33.3,22.1,15325,9.9,5553,22569,107541,14427.2,69.9206,98.102,86.2974,99.6975,87.7906,93.9136,100.6411,86.0274,89.3039,84.5102,96.7633,94.4962,96.3974,93.1458,91.5249
2010-05-01,10131.0,0.30423264,114.3,119.945,125.678,13107.196000000002,184.8,220.96200000000002,96.552,186.2,147.27409250165599,147.034,217.29,2034.558,8577500000000.0,6.05,4.96,0.16,0.28,-1.0,111.8,57162.0,186327.0,0.0,1.27,519920,1.26,575.0,108.0,113.0,290.0,72.0,0.14,6.6,9.0,14.7,2349,20.1,112908,2066.1,10.3,6638,34.0,22.3,14849,9.6,5520,22996,107654,14438.6,71.0434,102.2179,86.2278,100.4743,89.5666,95.2147,101.4383,87.794,90.9875,86.716,98.9304,97.4908,98.7523,95.2503,93.38
2010-06-01,10151.4,0.0791043,112.7,119.948,125.521,13137.355,183.5,221.19400000000002,96.584,194.9,147.044228483813,147.69799999999995,217.199,2024.0770000000002,8596600000000.0,6.23,4.88,0.12,0.32,0.0,109.1,59728.0,187821.0,4.9,1.21,517544,1.27,587.0,84.0,109.0,281.0,62.0,-0.13,6.2,8.8,15.2,2164,20.1,112748,2093.8,10.1,6623,34.5,25.2,14474,9.4,5516,22740,107771,14442.1,71.0839,104.2565,86.4064,100.1433,89.6312,95.1014,103.3945,90.9641,93.8931,88.8787,102.8159,98.5357,101.9971,97.892,96.2934
2010-07-01,10184.7,0.00788724,112.4,119.958,125.536,13176.118,184.1,221.363,96.585,196.1,146.408583506448,147.556,217.605,2015.265,8606200000000.001,6.01,4.72,0.16,0.27,0.1,109.8,56453.0,190184.0,-7.1,1.32,526653,1.27,579.0,92.0,107.0,271.0,76.0,0.08,6.2,8.8,15.5,2296,17.3,112650,2097.4,10.1,6506,33.9,22.3,14512,9.4,5508,22569,107858,14449.2,71.6493,103.3602,86.9482,99.9913,90.8133,95.6597,102.2805,85.9416,92.4269,84.6134,103.5329,88.1941,100.2173,95.5937,94.5971
2010-08-01,10228.2,0.01805338,112.8,120.15799999999999,125.756,13224.463,184.9,221.50900000000001,96.67399999999999,197.0,145.541771149088,146.41899999999995,217.923,2014.724,8656500000000.0,5.66,4.49,0.16,0.25,0.6,109.6,58633.0,191625.0,6.7,1.25,529755,1.27,580.0,106.0,136.0,282.0,75.0,-0.06,5.9,8.9,14.7,2396,17.0,112629,2118.0,10.2,6259,33.7,21.0,14648,9.5,5524,22420,108002,14454.3,71.8791,103.6475,88.1953,100.4142,90.7326,95.7403,103.6116,90.4232,94.9163,88.1162,105.8568,97.2612,104.0529,99.1335,97.2627
2010-09-01,10249.0,0.0353176,113.2,120.32799999999999,125.83,13222.624,184.9,221.71099999999998,96.72200000000001,199.7,144.55529045657698,144.602,218.275,1981.247,8687700000000.001,5.66,4.53,0.15,0.24,0.8,110.0,59839.0,200257.0,1.5,1.23,530756,1.28,563.0,95.0,133.0,296.0,70.0,-0.04,5.5,8.8,14.8,2231,17.2,112570,2147.0,10.2,6163,33.4,20.3,14579,9.5,5501,22247,108110,14478.3,72.013,103.6875,89.5032,100.1661,90.9831,95.7381,103.074,92.5518,94.8159,88.1077,101.5367,96.5201,100.5205,96.6786,96.1605
2010-10-01,10304.7,0.01582764,113.7,120.427,125.969,13247.875,186.6,221.83,96.84299999999999,196.0,143.627178384733,143.127,219.035,1998.588,8736700000000.001,5.72,4.68,0.13,0.23,1.3,111.4,57751.0,194567.0,-1.5,1.27,541044,1.27,558.0,94.0,101.0,265.0,83.0,0.15,5.9,8.7,15.3,2232,17.3,112824,2180.5,10.2,6227,34.0,21.2,14516,9.4,5508,22297,108328,14510.7,72.1773,100.2475,89.593,99.8979,91.3439,95.8235,101.5595,92.0467,93.2114,89.3453,100.2517,98.7278,99.9989,96.6554,95.0443
2010-11-01,10354.7,0.0425202,113.5,120.329,125.92,13279.581,187.7,222.149,96.955,194.0,143.28209374429701,141.822,219.59,1991.1979999999999,8757400000000.0,5.92,4.87,0.14,0.23,1.1,110.6,60426.0,196177.0,-3.0,1.32,544921,1.27,560.0,109.0,97.0,266.0,73.0,-0.11,5.7,9.2,16.1,2601,18.8,112923,2206.2,10.5,6326,33.9,21.0,15081,9.8,5506,22287,108463,14486.0,72.3037,101.4719,88.9334,99.7362,91.5499,95.8588,100.5916,90.1771,92.5163,88.2678,99.9589,93.1444,98.5613,95.4383,94.1677
2010-12-01,10392.1,0.01203431,113.2,120.171,126.14299999999999,13374.156,189.7,222.343,96.975,194.6,142.967442908739,140.634,220.472,2009.3529999999998,8789299999999.999,6.1,5.02,0.14,0.23,0.6,110.5,61858.0,194518.0,3.5,1.26,537702,1.27,632.0,68.0,140.0,273.0,58.0,0.07,6.4,8.7,15.1,2206,20.7,113026,2259.2,10.1,6429,34.7,21.9,14348,9.3,5467,22266,108556,14474.1,72.7461,106.8722,89.4138,100.1421,92.0726,96.3062,100.0876,90.7867,94.2491,87.3694,104.5704,88.1168,101.1128,96.9056,95.6922
2011-01-01,10435.5,0.03928101,112.8,120.40700000000001,126.77799999999999,13541.211000000001,192.7,222.803,97.214,194.4,142.59081958226102,139.045,221.187,2057.208,8825900000000.0,6.09,5.04,0.15,0.24,0.7,110.1,60696.0,203534.0,-5.6,1.38,557314,1.25,576.0,115.0,119.0,303.0,93.0,0.0,6.5,8.5,15.2,2152,22.5,113057,2231.7,9.7,6175,37.2,21.5,14013,9.1,5427,22258,108583,14537.1,72.9741,104.6486,89.3023,99.8526,92.6942,96.4566,100.0736,90.6004,93.9518,88.0654,105.3087,92.8735,102.7036,98.0293,95.5885
2011-02-01,10470.1,0.085745,114.1,120.78299999999999,127.363,13576.031,195.8,223.213,97.396,195.0,142.048478894428,137.741,221.898,2243.647,8871400000000.0,6.15,5.22,0.13,0.23,0.8,111.3,59049.0,195611.0,1.1,1.39,568206,1.26,542.0,64.0,90.0,311.0,52.0,0.33,6.4,8.4,15.3,2043,21.8,113209,2266.0,9.6,5892,37.4,21.1,13820,9.0,5451,22215,108838,14558.2,73.1525,102.8084,87.4154,99.4734,93.3136,96.5805,100.0678,91.4971,93.1988,89.314,101.5518,99.1829,101.0578,97.2243,94.7486
2011-03-01,10550.5,0.0811799,115.8,121.103,128.585,13540.028,199.2,223.454,97.54299999999999,197.0,140.398786560063,137.79,223.046,2428.2729999999997,8915700000000.0,6.03,5.13,0.1,0.23,1.0,113.1,62057.0,210937.0,19.0,1.18,573179,1.24,583.0,81.0,116.0,341.0,62.0,0.19,6.4,8.4,15.0,2132,20.0,113382,2297.2,9.5,6105,39.1,21.5,13737,9.0,5477,22192,109096,14589.2,73.6618,102.5294,90.6036,100.1389,93.8842,97.1406,101.691,96.2004,95.528,90.1684,100.6606,103.5279,101.2532,97.568,96.4289
2011-04-01,10587.6,0.0807501,115.7,121.473,129.483,13516.405,203.1,223.727,97.76100000000001,197.6,140.693208305142,139.155,224.093,2531.765,8977900000000.0,6.02,5.16,0.06,0.2,0.7,112.3,61957.0,201546.0,-6.0,1.29,586952,1.25,581.0,94.0,123.0,280.0,57.0,0.14,6.8,8.5,14.9,2268,17.8,113645,2292.2,9.7,5925,38.7,20.9,13957,9.1,5485,22184,109418,14646.2,73.2594,102.0916,91.1147,100.0471,92.9137,96.5963,100.9735,93.6096,93.8848,88.578,98.0515,97.1077,97.864,94.9801,94.5455
2011-05-01,10612.0,0.30448877,117.3,121.62799999999999,129.999,13505.003,204.1,224.175,97.994,198.6,140.427677738343,140.685,224.80599999999998,2590.433,9029200000000.0,5.78,4.96,0.04,0.16,-0.3,113.3,63863.0,205957.0,2.2,1.27,594696,1.27,618.0,105.0,133.0,265.0,58.0,0.05,6.6,8.5,14.8,2212,16.3,113696,2294.1,9.6,6153,39.6,21.6,13855,9.0,5516,22129,109574,14645.8,73.3715,101.551,92.1304,99.5734,93.5909,96.7157,99.9321,94.576,94.2632,89.7844,99.0038,98.0736,98.82,96.0048,95.3122
2011-06-01,10636.8,0.29610665,116.8,121.77,129.846,13572.943000000001,203.9,224.697,98.10600000000001,198.7,140.364289103802,141.937,224.80599999999998,2671.528,9113400000000.0,5.75,4.99,0.04,0.15,0.7,113.2,63492.0,201861.0,4.0,1.21,588944,1.27,636.0,124.0,130.0,285.0,69.0,0.05,7.0,8.5,14.3,2135,15.6,113894,2282.2,9.7,6271,39.9,22.4,13962,9.1,5528,22164,109775,14681.7,73.4528,102.7195,92.6394,99.6087,93.7919,96.8202,101.1155,97.9472,97.0559,91.6073,103.2056,99.2837,102.4228,98.9007,98.2958
2011-07-01,10677.5,0.32833798,116.0,121.929,129.983,13620.413999999999,204.6,225.218,98.265,200.3,140.327309611902,142.335,225.395,2703.5879999999997,9301400000000.0,5.76,4.93,0.04,0.14,-0.1,112.0,64870.0,207547.0,-8.2,1.35,599464,1.26,621.0,92.0,136.0,307.0,88.0,0.16,6.8,8.4,14.5,2105,13.6,113905,2273.4,9.6,6195,40.7,22.0,13763,9.0,5547,22049,109950,14725.4,73.8951,104.4551,92.1118,100.0462,94.5793,97.4453,100.4624,92.3972,95.8393,88.3264,104.5162,89.7404,101.5748,97.5767,97.1811
2011-08-01,10700.6,0.39293512,117.8,122.325,130.351,13605.561000000002,203.2,225.862,98.47,199.0,140.04893648058,141.778,226.106,2680.468,9515100000000.0,5.36,4.37,0.02,0.16,0.3,114.3,64663.0,215526.0,8.7,1.24,601731,1.26,647.0,87.0,142.0,300.0,56.0,-0.03,7.1,8.4,14.5,2016,13.5,114005,2314.5,9.6,6048,40.5,22.4,13818,9.0,5552,22017,110108,14719.4,74.1207,104.3554,93.7639,99.9966,95.3061,97.788,100.5682,96.5867,97.9656,92.0249,106.7718,99.9392,105.4084,101.1943,99.6962
2011-09-01,10738.1,0.40611821,118.0,122.641,130.635,13582.785,203.7,226.118,98.54299999999999,195.2,139.42377197782102,140.16,226.597,2656.663,9539700000000.0,5.27,4.09,0.01,0.14,1.0,115.2,65559.0,207678.0,-1.3,1.25,595257,1.26,610.0,99.0,164.0,328.0,59.0,0.23,7.0,8.4,14.6,2408,13.3,114191,2344.9,9.7,6304,40.4,22.0,13948,9.0,5584,21983,110375,14743.8,74.3111,102.5291,93.2616,100.1907,95.7633,98.1229,100.6896,99.207,97.3273,92.6513,102.856,99.31,102.1474,99.2567,98.6057
2011-10-01,10753.1,0.30581904,116.9,122.885,130.373,13599.436000000002,201.1,226.50599999999997,98.596,192.1,138.659430005963,138.4,226.75,2678.5409999999997,9571300000000.0,5.37,3.98,0.02,0.15,0.6,114.3,67585.0,208606.0,-1.8,1.29,605593,1.26,671.0,104.0,128.0,314.0,64.0,0.1,8.0,8.2,13.9,2123,13.7,114374,2363.1,9.4,5838,38.7,20.6,13594,8.8,5588,21998,110564,14749.5,74.6435,101.1872,95.5154,100.4795,96.5217,98.6549,100.4789,98.1134,97.1388,94.3346,101.2515,102.8641,101.573,99.4795,98.2439
2011-11-01,10759.5,0.12394731,116.9,122.898,130.196,13591.318000000001,201.4,226.899,98.805,187.9,137.942064757195,136.655,227.169,2623.1929999999998,9612300000000.0,5.14,3.87,0.01,0.14,0.5,115.2,65081.0,217018.0,-3.5,1.33,604839,1.27,706.0,93.0,171.0,348.0,99.0,0.07,7.6,8.0,14.3,2139,13.1,114507,2376.1,9.3,5698,40.2,20.8,13302,8.6,5593,21971,110723,14754.8,74.3519,100.4324,96.5121,99.7955,96.618,98.3908,98.9908,96.466,96.8751,94.3822,100.9368,97.0824,100.165,98.6864,97.5767
2011-12-01,10772.2,0.25018942,116.6,122.811,129.844,13714.357,199.8,227.405,98.971,182.1,137.371718515667,135.159,227.22299999999998,2603.716,9651100000000.0,5.25,3.93,0.01,0.14,0.2,114.2,68520.0,226369.0,0.9,1.29,589036,1.26,697.0,177.0,130.0,326.0,61.0,0.19,7.2,7.9,14.3,2093,16.0,114652,2404.3,9.1,5586,40.4,20.5,13093,8.5,5611,21954,110942,14747.0,74.7869,99.179,97.3654,100.1089,97.6582,99.0906,98.1521,97.213,97.7296,94.313,103.5079,93.8915,101.5818,99.6075,98.5694
2012-01-01,10862.1,0.21403021,116.9,123.10799999999999,130.438,13776.131000000001,200.7,227.877,99.28399999999999,185.5,137.144894033174,134.165,227.842,2647.7259999999997,9730300000000.0,5.23,3.85,0.03,0.14,0.8,113.6,67740.0,224023.0,-5.0,1.4,605962,1.26,712.0,109.0,133.0,407.0,74.0,0.44,7.4,7.7,13.3,1956,17.7,114946,2428.9,8.9,5476,40.2,20.8,12797,8.3,5626,21946,111304,14817.1,75.3629,96.4789,98.8204,100.5837,98.9257,99.9112,99.6528,96.7501,98.525,95.6197,103.3385,98.4809,102.3665,100.4029,98.9447
2012-02-01,10953.5,0.43506488,117.7,123.397,130.953,13861.173999999999,201.6,228.03400000000002,99.439,187.3,137.006351318815,134.0,228.329,2733.303,9773100000000.0,5.14,3.85,0.09,0.17,1.3,115.1,69729.0,226122.0,4.6,1.35,613776,1.25,738.0,97.0,135.0,408.0,64.0,0.07,8.0,7.7,13.8,1989,17.1,115178,2470.9,8.9,5242,39.7,19.7,12813,8.3,5629,21947,111565,14795.3,75.5085,97.1722,98.4352,100.7065,99.4385,100.2312,99.895,99.1775,99.0167,97.7826,100.7733,103.1012,101.2442,100.2476,99.1363
2012-03-01,10951.8,0.38633347,118.6,123.84700000000001,131.905,13911.508999999998,204.2,228.47799999999998,99.59700000000001,186.4,136.603168244372,135.871,228.80700000000002,2684.414,9817800000000.0,5.23,3.99,0.08,0.18,0.5,116.1,69443.0,220455.0,10.8,1.22,612921,1.26,806.0,112.0,147.0,350.0,86.0,0.26,8.6,7.6,13.0,2104,17.2,115380,2466.4,8.7,5236,39.3,19.2,12713,8.2,5625,21943,111809,14826.1,75.0631,95.8441,98.4662,99.8076,99.3881,99.7542,99.5959,101.2199,99.0895,99.9092,98.3092,104.9087,99.639,99.7732,99.2281
2012-04-01,10979.7,0.34170921,118.5,124.139,132.284,13963.525,203.7,228.905,99.75299999999999,186.6,137.877640330455,138.477,229.187,2673.91,9872100000000.0,5.19,3.96,0.08,0.2,-0.6,117.2,67904.0,218051.0,-6.0,1.31,617237,1.26,732.0,125.0,150.0,400.0,78.0,-0.05,8.0,7.5,13.3,1994,14.5,115450,2472.5,8.7,5132,39.2,19.1,12646,8.2,5618,21931,111903,14837.7,75.4115,99.2382,98.6331,100.1387,100.2327,100.299,100.2212,100.4176,98.6078,99.3257,95.9166,102.6358,97.271,97.9792,98.3628
2012-05-01,10968.6,0.18193764,119.0,124.289,132.154,13975.696000000002,201.9,229.22400000000002,99.84899999999999,186.1,139.452167447472,141.05100000000004,228.713,2635.134,9903800000000.0,5.07,3.8,0.09,0.19,-0.1,117.8,69087.0,218474.0,4.3,1.25,618121,1.27,796.0,109.0,159.0,363.0,77.0,0.0,7.1,7.5,13.0,1950,14.2,115548,2482.4,8.7,5401,39.6,19.9,12660,8.2,5604,21911,112023,14834.4,75.0498,103.5264,99.0607,99.6921,99.9844,99.9027,99.075,99.731,99.0816,100.566,97.6406,101.7975,98.4788,99.0782,99.1659
2012-06-01,10946.3,0.09314162,119.0,124.41,131.95600000000002,13995.038,199.8,229.623,99.948,185.9,141.023516820931,143.168,228.524,2644.969,9973600000000.0,5.02,3.64,0.09,0.21,-1.0,117.7,66981.0,218603.0,-1.0,1.25,609376,1.29,794.0,97.0,211.0,369.0,80.0,-0.05,7.3,7.6,13.6,2024,12.8,115596,2505.9,8.7,5409,40.3,20.4,12692,8.2,5621,21930,112077,14817.5,75.1697,101.2925,99.2476,99.7949,100.4556,100.1181,100.0685,103.264,101.1557,103.9475,100.9705,103.6983,101.5205,101.9741,101.7406
2012-07-01,10977.2,0.08740785,118.4,124.439,131.731,13909.126,200.1,229.97,100.052,189.1,141.968195833076,144.27700000000004,228.59,2669.48,10046800000000.0,4.87,3.4,0.1,0.22,0.3,115.9,65108.0,223677.0,-7.1,1.36,618798,1.3,849.0,114.0,189.0,350.0,87.0,-0.01,6.9,7.6,13.4,2116,12.3,115712,2516.4,8.6,5210,39.3,17.5,12656,8.2,5632,21913,112246,14812.4,74.999,103.1008,100.3598,99.8027,100.2709,99.9738,99.4783,96.8476,100.3846,97.6209,101.7805,92.1389,99.8307,99.3107,100.2243
2012-08-01,11004.1,0.15424601,117.9,124.6,132.43,13867.317,202.7,230.233,100.111,186.8,142.9487615204,144.7,229.918,2669.84,10117900000000.0,4.91,3.48,0.1,0.2,1.3,115.6,63671.0,203112.0,8.9,1.26,622165,1.29,840.0,131.0,168.0,379.0,76.0,0.02,7.6,7.4,13.9,2059,11.3,115872,2519.9,8.6,5042,39.6,18.4,12471,8.1,5648,21916,112415,14817.4,74.7564,101.9505,99.0861,99.6759,100.0232,99.7761,100.6996,100.4524,101.2623,101.7929,103.1499,100.5357,102.6204,102.2413,101.8861
2012-09-01,11061.5,0.26116034,118.8,124.90899999999999,132.988,13943.928999999998,204.4,230.65900000000002,100.238,186.2,143.829213930805,144.356,231.015,2616.688,10200200000000.0,4.84,3.49,0.11,0.2,0.8,116.0,63851.0,216283.0,-2.3,1.29,622133,1.29,930.0,144.0,202.0,423.0,78.0,0.17,7.9,7.2,12.3,1943,11.9,116057,2489.5,8.3,4911,39.8,18.8,12115,7.8,5661,21925,112593,14853.7,74.6297,100.2075,100.543,100.0346,99.6284,99.7083,100.852,101.584,100.91,101.6755,100.1678,98.4789,99.8255,100.3046,100.8785
2012-10-01,11099.8,0.22222136,120.2,125.1,132.892,14046.983999999999,203.5,231.024,100.476,185.3,144.806025511699,143.97,231.638,2649.2059999999997,10261300000000.0,4.58,3.47,0.1,0.19,0.2,117.8,65817.0,217712.0,2.0,1.27,625933,1.29,887.0,161.0,231.0,445.0,78.0,0.07,8.5,7.2,13.1,1972,11.4,116205,2516.3,8.3,4988,39.6,19.9,12124,7.8,5674,21903,112774,14869.0,74.2794,102.024,102.1942,99.5189,99.452,99.353,100.5743,100.8885,100.6609,100.4655,97.7732,101.2797,98.478,99.1105,99.9859
2012-11-01,11136.8,0.12481184,120.8,125.01100000000001,132.208,14249.192,201.8,231.33,100.586,181.6,145.809670098458,143.966,231.24900000000002,2665.5240000000003,10319900000000.0,4.51,3.5,0.09,0.2,0.2,118.0,66737.0,218940.0,-5.0,1.33,622746,1.28,917.0,156.0,166.0,444.0,67.0,-0.08,7.6,7.1,12.9,1959,12.2,116356,2535.8,8.3,4805,39.0,18.6,12005,7.7,5684,21883,112950,14944.7,74.7314,101.0241,102.4351,99.7789,100.6176,100.0891,100.1953,99.7756,100.4362,101.1216,98.9332,98.2601,98.7975,99.5266,99.9465
2012-12-01,11140.5,0.10410916,120.8,124.781,131.77,14614.152,201.5,231.725,100.667,183.5,147.108668452769,143.873,231.22099999999998,2657.2340000000004,10445700000000.0,4.63,3.65,0.07,0.2,0.4,118.0,66397.0,229511.0,-0.8,1.31,607331,1.29,941.0,188.0,213.0,458.0,117.0,0.14,8.0,7.3,13.8,2204,13.5,116540,2539.4,8.5,4768,37.6,17.7,12298,7.9,5724,21887,113185,14913.8,75.2595,98.1407,102.7185,100.4654,101.5829,100.8832,99.692,99.8918,100.8696,100.1728,101.2468,94.6843,99.9279,100.0511,100.5005
2013-01-01,11202.8,0.12374534,119.9,125.06700000000001,132.137,13894.743,202.5,232.229,100.865,180.0,148.328400417739,144.312,231.679,2749.24,10471200000000.0,4.73,3.8,0.07,0.16,0.8,115.6,69666.0,218392.0,-3.3,1.39,623885,1.29,940.0,93.0,223.0,486.0,86.0,0.05,8.1,7.4,14.2,2144,16.1,116683,2551.6,8.5,4681,35.6,15.8,12471,8.0,5746,21869,113394,14936.3,74.9313,99.5815,102.5622,100.517,100.9153,100.5512,100.1602,99.2426,101.2056,98.0907,102.2788,98.4104,101.5021,100.4,100.5028
2013-02-01,11239.6,0.15718261,120.4,125.509,133.204,13835.101999999999,204.3,232.56900000000002,100.984,178.7,149.583376331932,145.158,232.937,2874.698,10468200000000.0,4.85,3.9,0.1,0.17,1.4,117.9,66186.0,229342.0,1.3,1.39,630608,1.27,980.0,136.0,222.0,498.0,106.0,0.24,7.9,7.0,12.9,1824,15.7,116903,2568.2,8.2,4691,36.4,17.2,11950,7.7,5784,21881,113660,14951.4,75.2289,100.1634,103.6102,100.5251,101.8824,101.0088,100.6102,100.5287,101.7118,100.6546,99.8325,105.8075,101.0337,100.7735,100.838
2013-03-01,11227.1,0.2179867,121.4,125.855,133.558,13865.456,204.0,232.794,101.07600000000001,179.8,150.954945700112,147.958,232.282,2973.67,10539700000000.0,4.85,3.93,0.09,0.15,-0.9,118.9,65911.0,210493.0,10.6,1.25,627988,1.29,936.0,141.0,218.0,555.0,96.0,0.05,8.4,6.9,13.1,1917,14.7,117020,2587.8,8.0,4563,37.0,17.6,11689,7.5,5802,21870,113810,14949.1,75.0978,104.2655,104.1841,100.1862,102.0441,100.8986,100.3684,102.7548,102.1044,101.7323,99.4273,108.0971,101.1694,101.1302,101.4756
2013-04-01,11205.4,0.15427351,122.1,125.93700000000001,133.421,13930.178,203.5,232.832,101.16,179.9,153.862289258046,150.972,231.797,3045.884,10575100000000.0,4.59,3.73,0.06,0.12,-0.5,119.5,67245.0,221382.0,-3.9,1.31,632049,1.3,1012.0,148.0,200.0,408.0,79.0,-0.02,7.6,6.9,13.4,2013,13.2,117218,2600.9,8.1,4468,36.5,17.1,11760,7.6,5796,21869,114002,14968.2,74.7383,103.9269,104.893,99.8266,101.6128,100.5117,100.867,101.8369,101.7352,101.1551,95.9939,108.391,98.4834,99.196,100.5266
2013-05-01,11244.6,0.08317481,120.6,126.024,133.626,14009.753,204.1,232.99599999999998,101.26799999999999,179.2,156.004379154911,153.868,231.893,3139.2270000000003,10611300000000.0,4.73,3.89,0.04,0.1,0.5,118.1,69054.0,230679.0,4.1,1.26,630257,1.29,1003.0,139.0,206.0,482.0,103.0,0.11,8.1,6.8,13.3,1930,10.8,117402,2610.2,8.0,4347,36.8,17.1,11654,7.5,5829,21864,114229,15002.0,74.8922,101.6684,105.4444,100.3653,101.6629,100.8144,101.6464,101.6207,102.1406,100.3017,96.2936,106.7292,98.3893,98.8991,100.7563
2013-06-01,11268.8,0.12819342,121.1,126.09899999999999,133.9,14021.223,204.3,233.35,101.43700000000001,181.7,157.836587730806,156.439,232.445,3222.3790000000004,10665900000000.0,5.19,4.27,0.05,0.1,0.4,118.6,68803.0,240657.0,-1.0,1.25,621308,1.29,942.0,123.0,205.0,425.0,86.0,0.03,8.7,6.9,13.5,2092,9.8,117550,2622.8,8.2,4355,36.4,17.0,11751,7.5,5855,21840,114434,15048.5,75.0342,100.5643,106.1753,100.5082,102.028,101.0516,102.7531,104.4834,104.2417,102.2719,100.2563,110.0958,102.2324,101.9826,103.449
2013-07-01,11296.7,0.130878,121.9,126.137,133.91899999999998,13991.979,204.4,233.88,101.565,180.7,159.60643686001998,158.3,232.9,3310.35,10721900000000.0,5.32,4.34,0.04,0.11,0.7,119.2,65978.0,214999.0,-4.8,1.33,629792,1.29,997.0,159.0,215.0,396.0,110.0,-0.05,8.6,6.7,12.4,1900,9.1,117681,2624.4,7.8,4258,37.3,16.2,11335,7.3,5859,21815,114571,15089.7,74.2424,100.455,107.4346,99.8229,100.7127,100.1152,101.6998,98.0103,103.31,95.5263,100.412,95.8779,99.5125,98.3948,101.5578
2013-08-01,11329.2,0.1466881,121.7,126.395,134.09799999999998,14017.133999999998,204.2,234.33599999999998,101.678,181.4,161.545191218526,159.408,233.456,3419.655,10780400000000.0,5.42,4.54,0.04,0.09,-0.3,119.5,65882.0,222323.0,6.3,1.26,632143,1.29,964.0,160.0,207.0,452.0,98.0,0.18,7.8,6.7,13.2,1947,9.1,117872,2634.0,7.8,4296,37.6,16.5,11279,7.2,5878,21831,114797,15129.5,74.8724,100.2378,107.6177,99.8584,102.4141,101.0334,102.9162,103.7681,105.4898,100.2297,102.1635,108.2749,103.3954,102.2316,104.2846
2013-09-01,11366.9,0.13236343,122.1,126.66799999999999,134.255,14069.86,203.9,234.7,101.795,181.6,163.28586769165898,159.684,233.544,3509.062,10832600000000.0,5.47,4.64,0.02,0.08,-0.1,119.6,66200.0,230374.0,-1.0,1.26,628594,1.3,1004.0,157.0,182.0,418.0,93.0,0.08,8.7,6.7,12.8,1910,8.5,118005,2639.4,7.8,4132,37.4,16.5,11270,7.2,5910,21835,114980,15162.7,74.9053,101.5166,109.2537,99.4488,102.9605,101.1564,101.4596,105.1987,105.2316,101.0441,99.7348,107.9021,101.3785,101.083,103.6462
2013-10-01,11419.8,0.08074417,122.8,126.818,133.876,14039.392,202.5,234.921,102.00399999999999,181.6,164.804235724432,159.561,233.669,3630.758,10945200000000.0,5.31,4.53,0.05,0.11,0.3,121.3,64322.0,225155.0,1.0,1.26,632507,1.3,1044.0,168.0,219.0,413.0,125.0,0.02,7.5,6.6,12.2,2198,9.0,118183,2640.6,7.7,4024,35.1,16.3,11136,7.2,5931,21830,115210,15196.3,74.9758,103.0165,107.3041,99.6046,103.0719,101.2393,101.0668,105.2822,103.9671,100.7116,97.6269,110.3243,100.1801,100.1778,102.4679
2013-11-01,11487.6,0.04323516,123.0,126.883,133.596,14091.431,201.2,235.359,102.176,181.1,166.013536609015,159.364,234.1,3702.1659999999997,10953000000000.0,5.38,4.63,0.07,0.09,0.2,120.3,68263.0,238012.0,-5.4,1.32,627310,1.29,1029.0,210.0,223.0,576.0,91.0,0.26,8.1,6.4,11.6,1550,8.6,118393,2660.0,7.4,4042,36.6,17.1,10787,6.9,5963,21843,115461,15212.3,74.9535,104.288,108.3689,99.0886,103.5436,101.2008,99.9146,103.9086,104.4247,99.8898,97.6741,107.1948,99.5876,99.5069,102.2599
2013-12-01,11517.9,0.09277425,122.1,126.66799999999999,133.509,14142.583,202.0,235.75900000000001,102.311,183.2,166.913312056451,159.284,234.71900000000002,3685.395,11015000000000.0,5.38,4.62,0.07,0.09,0.7,118.5,66857.0,230535.0,0.4,1.28,611873,1.3,1007.0,148.0,274.0,498.0,82.0,0.04,8.1,6.2,10.8,1767,11.4,118492,2685.2,7.2,3863,36.5,17.3,10404,6.7,5932,21820,115553,15287.7,74.9108,106.7683,108.863,99.7409,102.883,101.1759,99.9462,102.4119,104.5041,97.2419,101.9571,99.1229,101.3787,100.0081,102.559
2014-01-01,11503.7,0.10026614,122.4,126.86,134.017,14216.885,203.8,235.96099999999998,102.399,180.9,167.853457459718,159.38,235.28799999999998,3733.5890000000004,11065600000000.0,5.19,4.49,0.04,0.09,-1.0,118.2,67962.0,223000.0,-5.3,1.39,628761,1.32,983.0,60.0,235.0,477.0,116.0,0.09,8.1,6.1,11.9,2016,12.3,118611,2675.6,7.0,3607,35.1,15.4,10202,6.6,5985,21814,115734,15262.9,74.0122,107.8139,110.3368,98.4488,101.7659,100.023,98.9886,100.9604,104.9836,96.9161,102.0115,101.8491,101.9723,100.1167,102.4432
2014-02-01,11574.5,0.07151452,123.3,127.249,134.542,14307.777,205.7,236.185,102.454,181.7,168.49780841295402,159.89,235.547,3869.6259999999997,11148700000000.0,5.1,4.45,0.05,0.1,1.5,119.7,67110.0,230424.0,1.3,1.4,640537,1.31,1045.0,128.0,219.0,507.0,90.0,0.06,7.8,6.1,12.0,1994,12.8,118726,2702.7,7.1,3783,36.5,15.9,10349,6.7,6007,21825,115889,15243.7,74.7921,106.7894,111.5209,98.7589,103.5089,101.0636,99.1817,103.8954,105.6993,100.389,99.7809,111.2495,102.0946,101.0684,103.1216
2014-03-01,11644.5,0.08141421,124.5,127.64,135.375,14381.676000000001,207.0,236.625,102.646,181.7,169.195825763758,161.209,236.028,3925.88,11190300000000.0,5.06,4.38,0.05,0.1,1.0,121.3,68192.0,232316.0,12.2,1.24,638345,1.3,1062.0,150.0,208.0,483.0,129.0,0.22,7.7,6.1,12.4,1903,11.3,118931,2715.1,7.1,3704,35.3,15.8,10380,6.7,6038,21833,116135,15248.1,75.452,106.4263,113.7227,99.3264,104.6935,101.9125,99.6768,107.6384,107.0102,102.9282,99.566,115.5063,102.7857,102.2822,104.5927
2014-04-01,11707.1,0.20204749,124.0,127.93299999999999,135.77100000000002,14424.351999999999,208.3,237.072,102.829,183.3,169.940848085477,162.989,236.468,3965.202,11246500000000.0,4.9,4.24,0.03,0.1,1.2,120.6,66236.0,235841.0,-3.3,1.3,644206,1.3,1085.0,188.0,245.0,487.0,123.0,0.33,8.3,5.8,10.8,1797,9.4,119189,2726.9,6.7,3479,34.9,15.7,9702,6.2,6084,21853,116440,15303.0,75.3468,103.3974,116.0108,99.6089,104.1533,101.7526,100.3297,106.111,106.8819,101.5437,95.3299,111.7725,98.6524,99.2482,103.2627
2014-05-01,11750.9,0.18990523,124.6,128.188,136.216,14472.043,208.0,237.52900000000002,103.0,186.8,170.230830948804,164.702,236.918,3932.539,11314800000000.0,4.76,4.16,0.03,0.1,0.1,121.3,65504.0,231767.0,2.0,1.28,650371,1.3,1016.0,167.0,193.0,557.0,90.0,0.13,8.9,5.8,11.1,1937,8.6,119369,2737.3,6.8,3360,34.4,14.6,9859,6.3,6109,21832,116679,15322.9,75.5874,103.1729,117.0048,99.0442,105.2441,102.0493,99.4547,107.0093,107.6107,102.3896,95.4702,112.8465,98.983,99.7475,104.0325
2014-06-01,11812.7,0.14525222,123.3,128.232,136.433,14539.284,208.3,237.83700000000002,103.113,189.5,170.531011180502,166.226,237.231,3970.973,11367100000000.0,4.8,4.25,0.04,0.1,0.2,119.6,69424.0,235877.0,2.0,1.24,641052,1.3,1003.0,198.0,229.0,388.0,96.0,0.29,9.0,5.5,10.5,1834,8.2,119642,2751.2,6.5,3116,33.9,13.8,9460,6.1,6133,21895,116942,15351.8,75.8745,101.3901,118.5869,99.4731,105.547,102.4143,100.7134,110.5254,110.4194,104.0252,99.4978,115.5708,102.7442,102.6635,106.9673
2014-07-01,11858.1,0.07506616,124.5,128.24,136.392,14592.781,208.0,238.195,103.29799999999999,188.6,170.62598026299102,167.145,237.498,4009.08,11428400000000.0,4.73,4.16,0.03,0.1,0.1,121.7,67521.0,290623.0,-5.6,1.33,649129,1.3,1073.0,161.0,264.0,526.0,134.0,0.09,8.9,5.6,11.0,1886,7.5,119805,2768.4,6.6,3136,32.7,13.1,9608,6.2,6178,21901,117168,15374.9,76.2648,99.1401,119.1704,99.3143,106.6189,102.8679,99.4247,104.0504,109.0085,99.27,99.6059,103.8944,100.4486,99.9522,105.1826
2014-08-01,11939.1,0.09433125,124.2,128.246,136.127,14670.54,207.0,238.405,103.33200000000001,185.7,170.935964278373,167.459,237.46,4097.276,11457600000000.0,4.69,4.08,0.03,0.11,0.8,121.3,68353.0,237140.0,3.8,1.28,650852,1.31,1047.0,187.0,207.0,479.0,111.0,0.19,8.9,5.7,11.0,1991,7.7,119941,2787.3,6.6,2958,32.0,12.9,9599,6.1,6210,21855,117402,15386.2,75.9012,100.0285,120.2292,99.4636,105.4662,102.3121,100.8585,108.6289,111.2297,102.9105,101.6581,112.9136,103.921,103.3002,107.7094
2014-09-01,11948.8,0.0725213,123.9,128.489,136.211,14722.813,206.4,238.78599999999997,103.456,184.4,171.464994841552,167.25400000000005,237.477,4072.188,11492000000000.0,4.8,4.11,0.02,0.1,-0.4,120.6,69215.0,235558.0,1.3,1.26,646891,1.31,1076.0,169.0,240.0,508.0,106.0,0.21,8.8,5.4,11.6,1697,7.0,120195,2808.0,6.4,2948,31.9,13.4,9262,5.9,6242,21897,117669,15418.9,75.9678,102.1959,120.9722,99.4423,105.549,102.2846,100.3558,109.6531,110.6976,102.1437,99.5972,111.7229,102.0385,102.0221,106.8587
2014-10-01,12018.4,0.0738931,126.8,128.76,135.891,14790.364,203.4,239.19099999999997,103.546,178.5,172.39611723575695,166.925,237.43,4041.445,11551400000000.0,4.69,3.92,0.02,0.1,0.2,125.1,65372.0,231044.0,-1.4,1.28,648709,1.32,1100.0,159.0,220.0,598.0,97.0,0.25,8.6,5.2,10.3,1723,6.4,120399,2808.8,6.2,2892,32.3,13.6,8990,5.7,6259,21917,117901,15469.7,75.9582,102.8405,121.2743,99.152,105.6637,102.1755,99.6945,108.6277,109.6084,103.222,96.9654,113.8579,100.3769,101.2785,105.802
2014-11-01,12050.2,0.03727199,125.9,128.571,135.107,14866.655,200.9,239.458,103.65299999999999,183.9,173.170080144842,166.678,236.983,3848.1420000000003,11590600000000.0,4.79,3.92,0.02,0.1,0.3,123.5,64362.0,227599.0,-9.3,1.41,646263,1.33,1062.0,170.0,272.0,455.0,104.0,0.05,9.0,5.4,10.8,1948,7.5,120653,2815.5,6.2,2828,32.7,13.0,9090,5.8,6272,21932,118177,15502.9,76.6517,106.097,120.8322,99.9156,106.6219,102.9975,99.6093,107.1926,109.6419,103.8026,98.9163,111.3356,101.4204,102.1753,106.0444
2014-12-01,12065.0,0.04241725,126.0,128.166,134.207,14958.757,197.0,239.584,103.73700000000001,179.6,174.20979624633597,166.489,236.252,3898.571,11668000000000.0,4.74,3.79,0.03,0.13,-0.8,123.4,65561.0,224958.0,3.1,1.32,623146,1.35,1074.0,170.0,294.0,494.0,115.0,0.23,9.0,5.1,10.5,1752,8.3,120896,2833.3,6.0,2799,32.7,12.9,8717,5.6,6293,21947,118430,15510.5,76.4723,102.8024,123.4521,99.9872,105.9556,102.6681,98.6779,105.367,109.4492,100.9925,101.5165,105.6522,102.3427,102.1243,105.8811
2015-01-01,12039.9,0.02278244,126.3,128.436,133.487,15076.076000000001,192.0,239.81099999999998,103.708,178.9,175.04940940509,166.291,234.747,4019.9990000000003,11732100000000.0,4.45,3.46,0.03,0.12,-0.7,122.7,65854.0,228061.0,-10.3,1.5,637264,1.37,1057.0,141.0,306.0,537.0,108.0,0.08,9.8,5.2,9.6,1791,9.8,121068,2838.3,6.1,2774,32.0,13.2,8885,5.7,6320,21960,118608,15520.2,76.2044,103.9003,121.5621,99.5789,105.4964,102.2416,97.5802,104.0305,108.9031,99.545,103.1406,108.2352,104.1614,102.5068,105.438
2015-02-01,12089.1,0.01213142,125.8,128.804,134.053,15120.548,191.1,240.172,103.815,184.3,176.33199033634102,166.683,235.342,3866.7859999999996,11852500000000.0,4.51,3.61,0.02,0.12,-0.2,123.0,64254.0,219271.0,1.4,1.49,643183,1.39,1131.0,99.0,238.0,505.0,46.0,0.12,10.4,5.1,10.0,1837,10.6,121302,2839.1,5.9,2658,31.2,12.9,8599,5.5,6361,21978,118861,15535.1,75.7236,109.0839,118.2008,99.234,104.435,101.5221,97.7215,104.7976,108.6618,101.4383,101.3696,113.3707,103.7857,102.3769,105.1115
2015-03-01,12145.7,0.02779917,126.9,129.406,134.969,15087.795,191.5,240.755,103.98,184.2,177.031555448051,168.139,235.976,4081.658,11869400000000.0,4.54,3.64,0.03,0.11,1.5,123.7,64321.0,228045.0,14.5,1.3,639579,1.38,1071.0,145.0,199.0,516.0,102.0,-0.09,10.2,5.0,10.7,1794,9.5,121405,2842.5,5.9,2542,30.5,12.0,8515,5.4,6334,21970,118940,15547.7,76.0012,106.1148,116.7112,99.5912,104.6954,101.8532,98.6169,106.6164,107.8621,102.8351,100.7986,119.7717,104.6206,102.8856,105.1465
2015-04-01,12187.4,0.03333401,126.8,129.779,135.222,15173.676000000001,190.9,241.34599999999998,104.152,183.4,177.736627255122,170.01,236.222,4089.282,11916600000000.0,4.48,3.52,0.02,0.1,0.1,123.8,63970.0,226242.0,-4.8,1.37,644744,1.38,1161.0,167.0,310.0,519.0,195.0,0.19,9.8,5.0,9.7,1830,7.5,121641,2850.3,5.9,2560,30.9,11.5,8550,5.4,6392,22005,119189,15566.9,75.9477,103.0461,115.3762,99.7291,104.3177,101.7322,98.7861,105.4256,106.4147,100.8658,95.4619,117.7611,99.9537,99.0045,102.9089
2015-05-01,12261.1,0.03401805,126.5,130.029,135.977,15229.438999999998,193.4,241.688,104.274,182.8,178.284768584394,171.884,237.00099999999998,3959.1690000000003,11949300000000.0,4.89,3.98,0.02,0.12,0.9,122.9,62649.0,217850.0,-0.1,1.38,647029,1.38,1270.0,146.0,274.0,514.0,147.0,0.09,9.3,5.1,10.3,1847,6.7,121945,2872.5,6.0,2503,30.7,11.6,8834,5.6,6427,22012,119513,15595.9,75.949,101.862,113.2207,99.3132,104.6152,101.6953,98.8904,105.1602,106.245,101.6155,95.5864,118.4628,100.1947,99.2538,103.1146
2015-06-01,12295.6,0.07393524,126.4,130.14600000000002,136.391,15259.92,194.8,242.06400000000002,104.404,182.1,178.82485799716702,173.481,237.657,3951.298,11994600000000.0,5.13,4.19,0.02,0.14,0.2,122.8,63225.0,229480.0,5.7,1.3,642137,1.38,1367.0,146.0,287.0,550.0,216.0,0.07,9.2,4.8,9.7,1697,6.3,122108,2885.1,5.6,2162,28.4,11.8,8247,5.3,6441,22015,119684,15618.7,75.6552,102.5574,112.3545,99.13,103.9632,101.2942,99.1767,106.8614,108.5061,102.9706,99.8717,118.1149,103.5512,101.8057,105.5882
2015-07-01,12357.1,0.0378247,127.5,130.162,136.371,15288.126,193.9,242.565,104.52,183.3,179.344734081436,174.523,238.03400000000002,3989.687,12046600000000.0,5.2,4.15,0.03,0.13,0.7,123.6,63979.0,228826.0,-8.3,1.43,648123,1.38,1136.0,172.0,268.0,544.0,154.0,0.27,10.3,4.8,9.7,1663,5.5,122375,2884.7,5.6,2127,28.1,10.9,8167,5.2,6472,22050,119951,15639.0,76.1599,101.8977,113.5905,99.498,104.9034,101.9906,98.2771,101.6196,107.4863,97.317,101.5078,109.0938,103.0498,100.0314,104.3346
2015-08-01,12387.0,0.01983697,126.7,130.191,136.125,15316.446000000002,191.9,242.817,104.618,182.7,179.943312015295,174.968,238.033,4003.5029999999997,12097600000000.0,5.19,4.04,0.07,0.18,-0.1,124.2,63465.0,225666.0,3.4,1.38,646893,1.39,1166.0,151.0,245.0,623.0,113.0,-0.09,9.7,4.6,9.1,1672,6.1,122497,2887.3,5.5,2172,28.4,11.7,7992,5.1,6490,22060,120066,15637.7,75.9309,102.3446,114.1062,99.8101,104.0321,101.659,98.4768,105.4468,109.0121,100.7489,103.7294,118.4697,106.7098,103.4572,106.6305
2015-09-01,12384.5,0.02606578,127.4,130.436,135.83700000000002,15354.332,189.1,243.31599999999997,104.75299999999999,181.5,180.87781896196896,175.081,237.498,4049.765,12153100000000.0,5.34,4.07,0.02,0.22,-0.4,124.9,63285.0,220050.0,1.7,1.34,638811,1.4,1143.0,138.0,299.0,648.0,130.0,-0.05,9.8,4.6,9.2,1783,5.5,122640,2882.8,5.4,2097,25.7,11.3,7907,5.0,6508,22040,120241,15642.9,75.614,103.3849,112.8818,99.7844,103.2836,101.2103,98.5786,104.2658,107.1655,98.5055,100.6393,115.9802,103.7405,100.8136,104.3871
2015-10-01,12387.3,0.03546179,127.6,130.717,135.735,15373.738000000001,187.5,243.768,104.77799999999999,179.9,181.89435486055802,175.092,237.733,4099.142,12185000000000.0,5.34,3.95,0.02,0.18,-0.4,125.3,63011.0,226171.0,-2.6,1.38,642683,1.41,1165.0,171.0,238.0,521.0,132.0,0.18,9.8,4.6,9.2,1678,6.2,122907,2895.0,5.4,2130,27.5,11.3,7922,5.0,6547,22056,120531,15675.4,75.5618,101.956,111.0607,99.9192,103.1081,101.1944,98.8915,105.4408,105.5498,98.801,98.1817,119.5755,102.506,100.0262,103.3671
2015-11-01,12422.8,0.02598873,127.1,130.69899999999998,135.393,15353.803999999998,185.7,244.24099999999999,104.91,178.4,183.002960793916,175.19299999999996,238.017,4026.138,12274200000000.0,5.46,4.06,0.12,0.2,0.3,124.9,62254.0,224077.0,-6.4,1.46,637892,1.41,1251.0,166.0,273.0,605.0,125.0,0.0,9.8,4.7,9.7,1731,6.2,123113,2894.1,5.4,2074,27.9,11.0,8000,5.1,6598,22081,120743,15695.0,75.2964,99.5893,109.0911,100.1516,102.3242,100.9052,98.869,102.8311,104.0851,96.9225,98.2622,114.0926,101.4588,98.8306,102.024
2015-12-01,12453.8,0.0148038,126.5,130.385,134.78799999999998,15400.998,183.5,244.547,104.979,177.4,183.857359646628,175.171,237.761,3816.145,12330100000000.0,5.46,3.97,0.23,0.36,0.2,123.9,59922.0,221066.0,0.7,1.41,619108,1.43,1213.0,165.0,243.0,592.0,157.0,0.14,10.3,4.6,9.2,1786,7.5,123359,2932.0,5.4,2127,27.9,11.0,7907,5.0,6630,22097,121000,15699.0,75.0158,97.1603,108.4074,99.9896,101.8971,100.5976,97.9541,100.5909,103.2152,94.1914,99.9528,107.4796,101.4616,98.0997,101.2859
2016-01-01,12480.5,0.01558314,127.4,130.763,134.966,15419.226,182.6,245.075,105.169,175.3,184.690681479717,175.08900000000003,237.827,3779.861,12458000000000.0,5.45,4.0,0.26,0.47,-0.4,124.5,61849.0,226398.0,-9.3,1.58,629819,1.43,1176.0,150.0,251.0,567.0,146.0,0.05,10.2,4.5,7.8,1660,8.5,123440,2888.4,5.2,2081,29.2,11.2,7721,4.9,6620,22118,121052,15724.7,75.471,101.2876,107.2529,100.8515,102.4597,101.2734,98.7739,100.4729,104.2824,93.3251,103.2583,112.5951,105.1346,100.0752,102.3635
2016-02-01,12550.2,0.07219195,127.3,131.33100000000002,134.953,15426.24,181.3,245.644,105.35,174.7,185.411508950073,175.33,237.514,3908.947,12534300000000.0,5.34,3.96,0.31,0.47,0.7,124.1,60788.0,217882.0,6.3,1.49,632254,1.43,1192.0,214.0,310.0,604.0,80.0,0.01,9.9,4.5,8.6,1555,8.7,123705,2885.6,5.2,2143,29.2,11.4,7746,4.9,6650,22144,121289,15771.9,74.951,100.7335,105.4133,100.3763,101.7532,100.6853,98.5664,101.6069,103.5958,94.8676,100.5057,119.1291,104.2781,99.6118,101.6587
2016-03-01,12539.9,0.05588082,127.4,131.731,135.655,15441.368,182.1,245.96400000000003,105.448,174.3,186.237008066427,176.645,237.99,3926.824,12597900000000.0,5.13,3.82,0.29,0.47,-0.3,124.4,60517.0,216926.0,11.3,1.33,627466,1.43,1113.0,161.0,261.0,539.0,154.0,0.0,10.6,4.6,8.8,1793,8.7,123946,2885.4,5.3,2215,28.4,11.4,7945,5.0,6680,22180,121482,15810.0,74.7529,97.0175,103.0563,100.7269,101.1381,100.5049,99.2314,102.3906,102.5726,94.4097,98.1861,118.4047,102.2853,98.0658,100.7653
2016-04-01,12624.8,0.06216167,127.5,132.066,136.332,15427.722,183.2,246.467,105.70100000000001,174.9,186.98137131055,178.53099999999995,238.835,3912.355,12687200000000.0,4.79,3.62,0.23,0.48,0.5,125.4,60503.0,225797.0,-6.8,1.44,631181,1.43,1152.0,203.0,236.0,601.0,120.0,-0.06,11.0,4.6,9.1,1713,6.0,124121,2881.8,5.4,2104,28.2,11.2,7975,5.0,6701,22186,121663,15813.6,74.3642,102.8125,101.0924,100.053,100.9888,100.116,98.7385,102.3724,101.848,94.7903,96.2484,121.9547,101.4738,97.508,100.2972
2016-05-01,12678.1,0.15219819,127.4,132.358,136.895,15419.398000000001,185.3,247.03599999999997,105.86,170.6,187.44452211688701,180.38,239.44,3858.6,12756000000000.0,4.68,3.65,0.27,0.48,0.3,124.8,59218.0,220851.0,2.7,1.4,632825,1.43,1188.0,189.0,271.0,589.0,82.0,-0.09,10.3,4.4,8.4,1760,5.2,124202,2861.6,5.2,1901,26.8,10.6,7668,4.8,6691,22197,121694,15813.1,74.2869,101.5026,101.3835,100.239,100.8628,100.1421,98.8512,101.8371,102.1715,94.2083,96.3409,116.7234,100.4707,96.7076,100.2612
2016-06-01,12761.9,0.23579855,128.2,132.495,137.329,15430.431,187.6,247.435,105.98100000000001,168.4,188.045003303933,181.963,240.144,3846.348,12823600000000.0,4.53,3.5,0.27,0.49,1.1,125.8,59724.0,208990.0,5.2,1.31,623869,1.41,1196.0,190.0,302.0,585.0,114.0,0.08,10.6,4.5,8.6,1757,4.6,124449,2878.3,5.2,2014,28.1,10.5,7786,4.9,6702,22184,121974,15843.6,74.4007,103.9572,101.179,100.1595,101.4818,100.397,99.0162,104.5964,105.4122,96.305,100.7603,121.7764,105.0168,100.286,103.6396
2016-07-01,12779.6,0.18401108,127.7,132.38,137.007,15476.982,187.7,247.791,106.193,169.8,188.66648666324002,183.078,240.111,3788.929,12882300000000.0,4.22,3.28,0.3,0.46,-0.1,125.2,60456.0,216738.0,-11.2,1.5,631219,1.41,1187.0,158.0,299.0,643.0,132.0,0.22,10.8,4.4,8.7,1652,4.5,124755,2882.9,5.1,1962,27.9,11.1,7658,4.8,6736,22285,122227,15859.2,74.4826,104.3048,101.3458,99.9997,102.0881,100.6511,98.0716,99.0219,104.2246,91.3502,101.3174,108.2278,102.6577,97.4507,101.9895
2016-08-01,12813.0,0.10720098,126.7,132.542,137.026,15491.877,186.6,248.37099999999998,106.40700000000001,171.7,189.45016124730802,183.727,240.595,3843.1079999999997,12969700000000.0,4.24,3.32,0.3,0.5,0.0,124.5,61821.0,220654.0,10.3,1.36,632999,1.41,1207.0,172.0,297.0,556.0,134.0,-0.13,11.3,4.5,8.3,1709,5.1,124915,2875.9,5.2,1981,27.5,10.7,7809,4.9,6737,22268,122379,15876.6,74.1191,106.5642,100.9934,99.854,101.5093,100.2757,98.563,103.0832,106.0189,94.4779,103.3542,119.8177,106.6644,101.0441,104.3858
2016-09-01,12874.5,0.14629431,127.9,132.738,137.328,15537.413,186.9,248.709,106.48899999999999,170.5,190.285135036106,184.025,241.06799999999998,3750.188,13030700000000.0,4.31,3.41,0.29,0.53,0.4,125.8,60102.0,219736.0,0.7,1.34,626377,1.41,1283.0,150.0,276.0,543.0,94.0,0.03,11.4,4.5,8.2,1730,5.2,125154,2904.4,5.3,1944,26.3,10.1,7967,5.0,6768,22303,122613,15885.4,74.3233,104.1893,100.6451,100.55,101.6219,100.6612,99.2992,103.1758,104.3922,94.3569,100.6766,119.2625,104.4257,99.6092,102.9563
2016-10-01,12912.8,0.12075089,128.4,133.032,137.536,15562.413,186.7,249.06799999999998,106.649,170.5,191.21085761699902,184.107,241.641,3608.1490000000003,13099300000000.0,4.38,3.51,0.33,0.58,0.4,127.2,60055.0,231303.0,-3.2,1.39,631018,1.4,1281.0,194.0,341.0,631.0,159.0,-0.01,12.1,4.5,8.3,1749,5.7,125272,2894.7,5.2,1962,26.4,10.1,7827,4.9,6798,22292,122769,15887.8,74.4709,101.261,103.0131,100.6433,102.1292,100.9745,99.8036,104.2459,103.6735,95.5899,98.2413,123.511,103.3655,99.3592,102.4192
2016-11-01,12942.0,0.18779801,128.2,132.972,137.253,15594.511,186.3,249.502,106.725,168.1,192.452230956022,184.328,241.993,3649.042,13169600000000.0,4.71,3.86,0.45,0.62,-0.3,126.2,60578.0,219574.0,-3.3,1.44,630467,1.41,1246.0,212.0,271.0,584.0,83.0,0.08,12.4,4.3,8.1,1765,5.7,125404,2903.3,5.0,1869,26.0,10.3,7488,4.7,6819,22290,122922,15862.3,74.461,99.2877,102.5411,100.8003,102.1439,101.068,100.4042,102.1593,103.1686,94.6051,97.7181,116.6052,101.5335,98.0019,101.474
2016-12-01,13024.5,0.26471316,128.0,132.81799999999998,137.221,15619.931,188.2,249.959,106.863,169.9,193.761532972373,184.505,242.71200000000002,3509.8740000000003,13198900000000.0,4.83,4.06,0.51,0.74,1.4,124.8,60470.0,224108.0,3.1,1.36,615222,1.39,1257.0,226.0,393.0,575.0,93.0,0.09,12.0,4.3,8.0,1757,7.4,125617,2903.0,4.9,1869,26.2,10.7,7495,4.7,6821,22308,123134,15892.4,74.6646,104.6393,102.7108,100.9673,102.6904,101.4204,98.9699,100.2778,103.1509,94.5416,103.5422,112.2719,105.2772,100.599,102.6494
2017-01-01,13079.4,0.15961947,128.5,133.343,138.035,15695.627,190.7,250.519,107.118,169.7,195.02869335508495,184.757,243.717,3594.328,13275400000000.0,4.66,3.92,0.51,0.8,0.9,125.8,62355.0,223049.0,-6.7,1.5,631030,1.38,1321.0,200.0,233.0,664.0,124.0,-0.01,11.8,4.3,7.9,1722,9.4,125762,2908.5,5.0,1842,25.1,10.3,7518,4.7,6847,22302,123325,15920.4,75.0568,98.9861,104.8529,101.3072,103.5503,102.0251,99.7097,101.0973,103.9893,93.4917,102.832,115.6946,105.4092,100.4208,102.661
2017-02-01,13090.6,0.17635397,128.2,133.81799999999998,138.403,15755.058,191.6,250.987,107.28200000000001,167.4,195.98252800500904,185.122,244.028,3781.494,13341100000000.0,4.64,3.95,0.52,0.77,-0.3,125.4,62687.0,222023.0,1.5,1.49,637152,1.38,1247.0,190.0,336.0,654.0,112.0,0.14,10.9,4.3,8.0,1727,8.8,125887,2899.3,4.9,1776,25.4,10.1,7399,4.6,6889,22319,123496,15880.4,74.9575,93.7271,106.7549,101.4105,103.3105,101.9735,99.8081,103.1484,104.29,95.0688,98.4363,122.695,103.3307,99.4044,102.2154
2017-03-01,13143.3,0.12401131,129.3,133.834,138.461,15829.723,191.5,250.894,107.166,169.7,196.86334040127,186.625,243.72099999999998,3887.717,13411400000000.0,4.68,4.01,0.74,0.87,-0.2,127.1,63108.0,228253.0,15.0,1.29,633057,1.39,1286.0,141.0,299.0,622.0,117.0,0.1,11.1,4.1,7.4,1553,8.4,125980,2912.2,4.7,1673,25.3,10.4,7088,4.4,6909,22325,123619,15862.2,74.7363,101.3086,107.4167,101.163,103.0554,101.6966,100.6862,104.1733,105.0248,96.9422,99.6227,124.262,104.594,100.7773,103.4862
2017-04-01,13185.7,0.06192301,129.8,133.953,138.81,15822.075,193.0,251.12900000000002,107.406,171.9,197.403773578317,188.631,244.058,3853.027,13476800000000.0,4.57,3.87,0.8,0.92,0.7,127.0,63572.0,228086.0,-8.6,1.42,639170,1.39,1245.0,198.0,303.0,565.0,86.0,0.14,11.0,4.0,7.4,1639,6.3,126156,2907.8,4.7,1655,24.3,10.2,7085,4.4,6916,22330,123811,15854.1,75.5688,100.6832,108.4874,102.1089,104.4525,102.8164,101.4792,103.3865,104.0981,97.9039,95.4199,121.7282,100.7289,98.4237,102.0092
2017-05-01,13201.0,0.04722374,130.1,134.054,138.922,15885.031,192.8,251.372,107.525,172.9,198.106026307159,190.632,243.926,3797.079,13530500000000.0,4.55,3.85,0.89,0.95,-0.5,126.9,63719.0,227201.0,6.5,1.34,640430,1.39,1201.0,163.0,316.0,559.0,86.0,-0.09,11.2,4.0,6.7,1658,5.3,126289,2931.4,4.7,1677,24.9,10.6,7059,4.4,6928,22332,123964,15824.8,75.4094,102.3941,109.2211,102.3858,103.8289,102.6406,102.1075,103.8461,105.374,98.9184,96.848,121.3103,101.785,99.5138,103.3433
2017-06-01,13250.8,0.07590826,129.7,134.13,138.989,15878.935,193.6,251.71400000000003,107.689,177.2,198.74536936702702,192.376,244.179,3797.151,13558100000000.0,4.37,3.68,0.98,1.1,0.5,126.4,63456.0,243829.0,2.7,1.29,632491,1.39,1317.0,208.0,334.0,530.0,160.0,0.21,11.5,4.0,7.4,1693,4.5,126462,2947.0,4.6,1700,25.1,9.8,6933,4.3,6955,22346,124166,15831.4,75.4808,101.6978,110.3644,102.6989,103.7735,102.7806,103.3875,106.6044,108.5651,100.4168,100.3309,123.4788,105.0041,102.1342,106.284
2017-07-01,13274.1,0.08363542,129.7,133.921,138.755,15926.788,193.5,252.00900000000001,107.785,179.1,199.81021527416303,193.635,244.328,3803.323,13618200000000.0,4.39,3.7,1.07,1.17,0.1,125.6,64123.0,224989.0,-10.4,1.46,643505,1.4,1255.0,161.0,298.0,619.0,118.0,0.03,10.8,3.9,7.3,1636,4.9,126671,2955.6,4.6,1738,24.9,10.4,6867,4.3,6960,22359,124368,15823.1,75.3415,102.6845,110.3619,102.8821,103.2694,102.5902,102.3063,100.1887,107.3254,95.3026,101.4331,108.1765,102.8139,99.3258,104.5709
2017-08-01,13317.3,0.05728685,130.0,134.15200000000002,139.128,15961.423999999999,193.8,252.562,107.926,184.3,200.75878370037103,194.478,245.304,3929.042,13673700000000.0,4.31,3.63,1.01,1.18,0.2,125.7,64555.0,229906.0,11.2,1.32,646655,1.39,1315.0,171.0,306.0,583.0,107.0,0.09,11.2,4.1,7.2,1739,4.7,126776,2955.9,4.7,1724,24.4,10.4,7097,4.4,6990,22357,124554,15822.9,75.1209,101.1434,109.6579,102.1605,103.4059,102.2912,100.6935,104.5645,108.1498,98.4499,102.6454,119.3905,106.0312,102.2996,106.1917
2017-09-01,13443.8,0.07549906,130.7,134.438,139.878,16012.947,194.8,252.888,108.09100000000001,187.4,202.16502795002202,194.95,246.445,3886.075,13716400000000.0,4.3,3.63,1.03,1.18,2.2,126.4,68024.0,242818.0,-0.8,1.33,647570,1.38,1261.0,185.0,325.0,552.0,101.0,0.07,10.9,3.9,7.6,1621,4.7,126768,2954.0,4.5,1714,25.7,10.1,6841,4.2,7004,22366,124563,15815.2,75.0138,100.8523,110.8609,100.9245,104.34,102.1373,96.3011,105.4495,106.2964,99.1871,100.2063,119.5137,104.1044,101.147,104.7308
2017-10-01,13501.3,0.08246424,132.0,134.76,139.782,16080.016000000001,194.9,253.53400000000002,108.39200000000001,188.0,203.374234595011,195.217,246.57,3871.663,13768900000000.0,4.32,3.6,1.07,1.21,0.3,129.3,67140.0,235856.0,0.1,1.35,654124,1.37,1349.0,200.0,295.0,623.0,143.0,0.14,11.3,3.7,7.2,1606,4.5,126990,2960.4,4.4,1622,25.5,9.7,6599,4.1,7027,22369,124827,15810.9,76.0138,103.4951,112.7433,103.2238,104.8612,103.5003,102.2687,106.3794,107.8053,101.0211,99.7374,123.9179,104.609,101.9493,105.7439
2017-11-01,13587.6,0.06347833,131.3,134.618,139.72,16139.777,195.9,253.855,108.486,188.9,204.683867930377,195.584,247.333,3925.692,13793900000000.0,4.27,3.57,1.23,1.28,0.7,127.5,65101.0,238976.0,-2.5,1.38,654206,1.35,1314.0,178.0,356.0,672.0,93.0,0.03,11.3,3.7,7.3,1603,5.0,127148,2967.0,4.4,1601,25.4,9.6,6697,4.2,7066,22393,125028,15816.1,76.2374,104.4586,114.6799,103.5703,105.18,103.7694,102.8573,105.5606,108.6031,99.5765,100.379,118.6194,104.0671,101.2687,105.6658
2017-12-01,13669.9,0.09159255,130.4,134.524,139.546,16212.511999999999,196.3,254.38,108.67,195.6,205.85174339213,195.985,247.847,3823.708,13835600000000.0,4.22,3.51,1.32,1.43,0.5,126.5,66707.0,245755.0,-0.8,1.37,642764,1.35,1315.0,175.0,362.0,592.0,90.0,0.04,11.0,3.7,7.0,1611,5.9,127225,2967.1,4.4,1515,24.0,9.1,6561,4.1,7093,22381,125170,15802.2,76.2207,106.7649,115.7468,103.7761,104.9974,103.711,102.1279,103.1935,108.702,97.4879,105.3318,112.9759,106.9145,102.6973,106.3932
2018-01-01,13697.7,0.10609332,130.6,135.054,140.239,16294.367,197.9,255.106,108.92299999999999,201.4,207.31059676416402,196.263,248.81599999999997,3825.077,13858300000000.0,4.26,3.55,1.41,1.59,0.2,126.0,66237.0,236368.0,-3.5,1.45,660215,1.36,1384.0,144.0,390.0,685.0,116.0,0.12,11.1,3.7,7.1,1549,7.3,127301,2971.8,4.3,1437,24.2,9.6,6582,4.1,7114,22355,125317,15785.5,75.9111,108.3479,114.7168,102.9062,105.0741,103.3243,100.0029,102.5671,108.1921,97.2646,106.9887,115.8192,108.8093,103.833,106.2251
2018-02-01,13712.2,0.16022246,131.6,135.58100000000002,140.805,16325.587,199.3,255.57,109.131,206.6,208.92379131421,197.056,249.475,3891.241,13892800000000.0,4.51,3.82,1.57,1.69,0.1,128.1,67522.0,248330.0,0.3,1.47,667814,1.36,1339.0,156.0,394.0,612.0,133.0,0.39,11.7,3.7,6.8,1557,7.8,127584,2985.4,4.3,1410,23.1,9.2,6641,4.1,7200,22406,125672,15821.0,76.6964,100.554,117.3375,103.8668,106.3477,104.4377,100.8635,106.0469,109.1712,99.3335,102.5633,125.0434,107.0912,103.2292,106.34
2018-03-01,13775.1,0.09770112,131.2,136.045,141.142,16375.125,199.3,256.075,109.34100000000001,212.1,209.89530300458802,198.723,249.41299999999998,3833.3190000000004,13952600000000.0,4.64,3.87,1.7,1.9,-0.2,127.8,66828.0,251696.0,13.9,1.28,663752,1.36,1406.0,184.0,398.0,628.0,122.0,0.11,13.4,3.7,6.7,1653,7.4,127724,2990.1,4.3,1333,24.1,9.0,6493,4.0,7205,22404,125850,15833.0,76.7024,104.4602,118.6537,103.6841,106.6412,104.4607,102.7541,107.6287,110.2736,100.1162,102.2863,127.929,107.4412,103.6852,107.3264
2018-04-01,13861.5,0.12101503,131.6,136.264,141.662,16384.746,200.3,256.487,109.509,215.9,210.30814949164002,200.761,249.957,3756.052,13989100000000.0,4.67,3.85,1.76,2.0,0.6,128.1,67882.0,248509.0,-5.5,1.37,670770,1.36,1376.0,159.0,349.0,662.0,97.0,0.09,12.7,3.6,6.8,1576,6.5,127814,2995.2,4.2,1316,22.9,9.9,6418,4.0,7223,22414,125977,15832.1,77.0397,108.7414,119.9414,104.3149,107.0536,104.9102,103.3567,108.4142,110.1803,101.4,99.5413,127.1904,105.0912,102.5221,106.8323
2018-05-01,13953.2,0.12494919,132.1,136.46,142.14600000000002,16406.018,203.2,257.057,109.735,216.6,210.838564909474,202.618,250.64,3695.453,14054900000000.0,4.83,4.0,1.86,2.03,1.1,128.2,68034.0,250389.0,5.2,1.31,673906,1.34,1321.0,239.0,334.0,651.0,108.0,0.17,13.7,3.5,7.0,1439,4.4,128021,2992.0,4.1,1193,21.1,9.4,6209,3.8,7266,22431,126238,15836.4,76.4219,105.4404,120.7917,104.136,105.6822,104.0846,103.9141,107.0005,110.9264,98.9935,97.8411,119.5893,102.2232,100.0135,106.2871
2018-06-01,14004.8,0.30381081,132.7,136.572,142.349,16450.592,204.2,257.422,109.87799999999999,217.1,211.33391603849498,204.224,251.176,3676.6420000000003,14120000000000.0,4.83,3.96,1.9,2.08,-0.1,128.9,68784.0,250063.0,2.0,1.27,665586,1.34,1306.0,164.0,345.0,567.0,104.0,0.05,12.2,3.7,7.5,1474,4.7,128190,2986.8,4.2,1457,21.2,8.6,6519,4.0,7282,22459,126429,15797.5,76.9691,104.6419,123.2572,104.4041,107.0522,104.7974,105.0001,109.9255,114.075,102.5495,101.8096,125.5724,106.5926,103.9514,109.7123
2018-07-01,14077.2,0.16720227,132.3,136.594,142.317,16501.04,204.3,257.902,110.064,219.0,211.675681920407,205.144,251.482,3631.0959999999995,14153000000000.0,4.79,3.87,1.96,2.12,0.5,127.9,69973.0,247899.0,-8.1,1.41,680361,1.35,1316.0,178.0,278.0,625.0,103.0,0.14,13.4,3.5,6.8,1549,3.4,128285,2986.0,4.1,1417,23.2,10.0,6180,3.8,7304,22462,126562,15785.4,77.2364,104.6064,124.3916,105.1354,107.2246,105.2254,104.903,104.3061,113.8573,97.9414,102.7268,111.1017,104.4769,101.3365,108.5215
2018-08-01,14128.3,0.1671582,132.0,136.588,142.317,16562.045,203.4,258.065,110.086,220.0,212.031127744397,205.513,251.905,3603.593,14197000000000.0,4.77,3.88,2.03,2.12,-0.4,128.1,69477.0,258372.0,9.6,1.29,680217,1.35,1267.0,187.0,335.0,658.0,99.0,0.04,14.2,3.5,6.8,1612,3.4,128477,2986.5,4.1,1321,22.6,9.3,6167,3.8,7335,22490,126778,15788.1,77.5066,105.9684,127.1482,104.8717,108.3958,105.6772,105.567,109.185,116.7045,102.7657,104.8411,124.2326,108.7652,105.5635,111.6802
2018-09-01,14138.1,0.04226456,131.9,136.814,142.489,16548.593,203.6,258.606,110.257,221.3,212.722834375331,205.56,252.261,3572.1609999999996,14228500000000.0,4.88,3.98,2.13,2.19,0.3,128.0,69184.0,262205.0,-2.3,1.32,681230,1.36,1288.0,171.0,355.0,570.0,140.0,0.03,12.2,3.4,7.0,1499,4.1,128514,2988.7,4.0,1372,23.5,9.1,6045,3.7,7355,22489,126859,15741.6,77.4407,105.553,128.4626,104.536,108.7358,105.6946,104.362,109.6513,115.496,103.0969,102.1688,124.4683,106.6635,104.2543,110.3348
2018-10-01,14221.1,0.07413255,133.9,137.1,142.7,16564.283,204.6,258.993,110.40899999999999,218.2,213.43464767387403,205.55900000000003,252.77700000000002,3560.1079999999997,14235400000000.0,5.07,4.14,2.25,2.31,1.2,130.5,69904.0,250552.0,1.9,1.3,686051,1.36,1281.0,187.0,338.0,596.0,90.0,0.1,11.9,3.4,6.8,1495,3.6,128665,2993.1,4.1,1363,22.3,9.4,6123,3.8,7378,22485,127064,15702.5,77.2898,108.2644,128.6303,104.174,108.8827,105.6096,104.8186,110.1203,114.5987,104.572,100.4195,126.5009,105.6602,104.0106,109.784
2018-11-01,14266.0,0.12764983,134.0,137.029,142.238,16580.853,202.3,259.488,110.616,221.0,213.82101046615398,205.30900000000003,252.662,3492.7309999999998,14245400000000.0,5.22,4.22,2.33,2.45,0.1,131.0,69052.0,251931.0,-5.9,1.38,682239,1.37,1334.0,144.0,286.0,663.0,109.0,0.07,11.7,3.4,6.6,1513,3.9,128786,2987.4,4.0,1263,22.0,8.8,6034,3.7,7376,22486,127197,15729.6,77.359,111.1731,129.701,104.2835,109.18,105.7933,104.7427,108.7973,115.1436,102.5155,102.195,120.7067,105.9396,103.7678,109.7341
2018-12-01,14148.6,0.07287813,133.9,136.83700000000002,141.69899999999998,16728.36,201.0,259.986,110.81200000000001,222.3,214.110445784728,204.904,252.653,3372.9109999999996,14351700000000.0,5.13,4.02,2.37,2.52,-2.3,130.8,67964.0,254801.0,-1.2,1.36,666065,1.39,1339.0,137.0,238.0,655.0,112.0,-0.04,13.2,3.5,7.2,1513,5.1,128917,2993.0,4.1,1311,22.0,9.4,6286,3.9,7402,22495,127370,15704.4,77.7732,103.5903,132.5287,104.7805,110.0499,106.4076,104.5422,107.5191,114.9322,100.9322,104.7158,115.8699,107.0053,104.29,109.9156
2019-01-01,14227.6,0.02932618,134.1,137.391,142.001,16790.073,199.1,260.566,110.852,211.7,214.315645412525,204.423,252.55,3342.825,14434600000000.0,5.12,3.93,2.37,2.55,1.6,129.7,68935.0,256134.0,-4.7,1.47,684455,1.39,1316.0,141.0,293.0,713.0,144.0,0.06,12.7,3.7,7.5,1519,6.4,129111,2964.8,4.2,1259,20.6,9.0,6516,4.0,7452,22506,127628,15696.5,77.2406,104.3991,132.0621,104.6999,108.9113,105.8163,103.7094,105.8936,114.655,100.5131,105.8585,115.4486,107.8389,104.6475,109.7224
